<?xml version="1.0" encoding="UTF-8"?>
<TrainingCenterDatabase xsi:schemaLocation="http://www.garmin.com/xmlschemas/TrainingCenterDatabase/v2 http://www.garmin.com/xmlschemas/TrainingCenterDatabasev2.xsd" xmlns:ns5="http://www.garmin.com/xmlschemas/ActivityGoals/v1" xmlns:ns3="http://www.garmin.com/xmlschemas/ActivityExtension/v2" xmlns:ns2="http://www.garmin.com/xmlschemas/UserProfile/v2" xmlns="http://www.garmin.com/xmlschemas/TrainingCenterDatabase/v2" xmlns:xsi="http://www.w3.org/2001/XMLSchema-instance">
 <Folders/>
 <Courses>
  <Course>
   <Name>Byathlon 13,5km</Name>
   <Lap>
    <TotalTimeSeconds>4613.6155794949</TotalTimeSeconds>
    <DistanceMeters>13526.080118480646</DistanceMeters>
    <Intensity>Active</Intensity>
   </Lap>
   <Track>
    <Trackpoint>
     <Time>2026-07-22T14:34:48+00:00</Time>
     <Position>
      <LatitudeDegrees>63.3013900</LatitudeDegrees>
      <LongitudeDegrees>18.3312500</LongitudeDegrees>
     </Position>
     <AltitudeMeters>120.03000000000002</AltitudeMeters>
     <DistanceMeters>0.0</DistanceMeters>
    </Trackpoint>
    <Trackpoint>
     <Time>2026-07-22T14:34:58+00:00</Time>
     <Position>
      <LatitudeDegrees>63.3017600</LatitudeDegrees>
      <LongitudeDegrees>18.3311300</LongitudeDegrees>
     </Position>
     <AltitudeMeters>119.33</AltitudeMeters>
     <DistanceMeters>41.6142958930909</DistanceMeters>
    </Trackpoint>
    <Trackpoint>
     <Time>2026-07-22T14:35:09+00:00</Time>
     <Position>
      <LatitudeDegrees>63.3022400</LatitudeDegrees>
      <LongitudeDegrees>18.3315400</LongitudeDegrees>
     </Position>
     <AltitudeMeters>118.27000000000001</AltitudeMeters>
     <DistanceMeters>98.83500225336371</DistanceMeters>
    </Trackpoint>
    <Trackpoint>
     <Time>2026-07-22T14:35:20+00:00</Time>
     <Position>
      <LatitudeDegrees>63.3027200</LatitudeDegrees>
      <LongitudeDegrees>18.3319500</LongitudeDegrees>
     </Position>
     <AltitudeMeters>117.5</AltitudeMeters>
     <DistanceMeters>156.05570350641125</DistanceMeters>
    </Trackpoint>
    <Trackpoint>
     <Time>2026-07-22T14:35:31+00:00</Time>
     <Position>
      <LatitudeDegrees>63.3031700</LatitudeDegrees>
      <LongitudeDegrees>18.3325000</LongitudeDegrees>
     </Position>
     <AltitudeMeters>117.02000000000001</AltitudeMeters>
     <DistanceMeters>213.19262317632564</DistanceMeters>
    </Trackpoint>
    <Trackpoint>
     <Time>2026-07-22T14:35:42+00:00</Time>
     <Position>
      <LatitudeDegrees>63.3035800</LatitudeDegrees>
      <LongitudeDegrees>18.3332800</LongitudeDegrees>
     </Position>
     <AltitudeMeters>117.42</AltitudeMeters>
     <DistanceMeters>273.22007175988495</DistanceMeters>
    </Trackpoint>
    <Trackpoint>
     <Time>2026-07-22T14:35:52+00:00</Time>
     <Position>
      <LatitudeDegrees>63.3036600</LatitudeDegrees>
      <LongitudeDegrees>18.3335000</LongitudeDegrees>
     </Position>
     <AltitudeMeters>117.42</AltitudeMeters>
     <DistanceMeters>287.3720966944678</DistanceMeters>
    </Trackpoint>
    <Trackpoint>
     <Time>2026-07-22T14:36:03+00:00</Time>
     <Position>
      <LatitudeDegrees>63.3036600</LatitudeDegrees>
      <LongitudeDegrees>18.3334900</LongitudeDegrees>
     </Position>
     <AltitudeMeters>117.41000000000001</AltitudeMeters>
     <DistanceMeters>287.3720966944678</DistanceMeters>
    </Trackpoint>
    <Trackpoint>
     <Time>2026-07-22T14:36:14+00:00</Time>
     <Position>
      <LatitudeDegrees>63.3037700</LatitudeDegrees>
      <LongitudeDegrees>18.3337900</LongitudeDegrees>
     </Position>
     <AltitudeMeters>117.57000000000001</AltitudeMeters>
     <DistanceMeters>306.7340893269873</DistanceMeters>
    </Trackpoint>
    <Trackpoint>
     <Time>2026-07-22T14:36:25+00:00</Time>
     <Position>
      <LatitudeDegrees>63.3037700</LatitudeDegrees>
      <LongitudeDegrees>18.3337800</LongitudeDegrees>
     </Position>
     <AltitudeMeters>117.56</AltitudeMeters>
     <DistanceMeters>306.7340893269873</DistanceMeters>
    </Trackpoint>
    <Trackpoint>
     <Time>2026-07-22T14:36:36+00:00</Time>
     <Position>
      <LatitudeDegrees>63.3039100</LatitudeDegrees>
      <LongitudeDegrees>18.3341500</LongitudeDegrees>
     </Position>
     <AltitudeMeters>117.79</AltitudeMeters>
     <DistanceMeters>330.9216497528347</DistanceMeters>
    </Trackpoint>
    <Trackpoint>
     <Time>2026-07-22T14:36:47+00:00</Time>
     <Position>
      <LatitudeDegrees>63.3039100</LatitudeDegrees>
      <LongitudeDegrees>18.3341400</LongitudeDegrees>
     </Position>
     <AltitudeMeters>117.78</AltitudeMeters>
     <DistanceMeters>330.9216497528347</DistanceMeters>
    </Trackpoint>
    <Trackpoint>
     <Time>2026-07-22T14:36:57+00:00</Time>
     <Position>
      <LatitudeDegrees>63.3041700</LatitudeDegrees>
      <LongitudeDegrees>18.3351900</LongitudeDegrees>
     </Position>
     <AltitudeMeters>119.22</AltitudeMeters>
     <DistanceMeters>390.8684648924557</DistanceMeters>
    </Trackpoint>
    <Trackpoint>
     <Time>2026-07-22T14:37:08+00:00</Time>
     <Position>
      <LatitudeDegrees>63.3042600</LatitudeDegrees>
      <LongitudeDegrees>18.3351000</LongitudeDegrees>
     </Position>
     <AltitudeMeters>119.22</AltitudeMeters>
     <DistanceMeters>401.8494692765011</DistanceMeters>
    </Trackpoint>
    <Trackpoint>
     <Time>2026-07-22T14:37:19+00:00</Time>
     <Position>
      <LatitudeDegrees>63.3042600</LatitudeDegrees>
      <LongitudeDegrees>18.3351100</LongitudeDegrees>
     </Position>
     <AltitudeMeters>119.19</AltitudeMeters>
     <DistanceMeters>401.8494692765011</DistanceMeters>
    </Trackpoint>
    <Trackpoint>
     <Time>2026-07-22T14:37:30+00:00</Time>
     <Position>
      <LatitudeDegrees>63.3044400</LatitudeDegrees>
      <LongitudeDegrees>18.3349400</LongitudeDegrees>
     </Position>
     <AltitudeMeters>120.12</AltitudeMeters>
     <DistanceMeters>423.61134350758186</DistanceMeters>
    </Trackpoint>
    <Trackpoint>
     <Time>2026-07-22T14:37:41+00:00</Time>
     <Position>
      <LatitudeDegrees>63.3044700</LatitudeDegrees>
      <LongitudeDegrees>18.3348600</LongitudeDegrees>
     </Position>
     <AltitudeMeters>120.12</AltitudeMeters>
     <DistanceMeters>428.82169435677434</DistanceMeters>
    </Trackpoint>
    <Trackpoint>
     <Time>2026-07-22T14:37:52+00:00</Time>
     <Position>
      <LatitudeDegrees>63.3048500</LatitudeDegrees>
      <LongitudeDegrees>18.3340400</LongitudeDegrees>
     </Position>
     <AltitudeMeters>122.62</AltitudeMeters>
     <DistanceMeters>487.7249046075365</DistanceMeters>
    </Trackpoint>
    <Trackpoint>
     <Time>2026-07-22T14:38:02+00:00</Time>
     <Position>
      <LatitudeDegrees>63.3049000</LatitudeDegrees>
      <LongitudeDegrees>18.3338800</LongitudeDegrees>
     </Position>
     <AltitudeMeters>123.04</AltitudeMeters>
     <DistanceMeters>497.4698395441038</DistanceMeters>
    </Trackpoint>
    <Trackpoint>
     <Time>2026-07-22T14:38:13+00:00</Time>
     <Position>
      <LatitudeDegrees>63.3053700</LatitudeDegrees>
      <LongitudeDegrees>18.3324500</LongitudeDegrees>
     </Position>
     <AltitudeMeters>128.17000000000002</AltitudeMeters>
     <DistanceMeters>586.0595752885226</DistanceMeters>
    </Trackpoint>
    <Trackpoint>
     <Time>2026-07-22T14:38:24+00:00</Time>
     <Position>
      <LatitudeDegrees>63.3056600</LatitudeDegrees>
      <LongitudeDegrees>18.3321700</LongitudeDegrees>
     </Position>
     <AltitudeMeters>128.47</AltitudeMeters>
     <DistanceMeters>621.240617864695</DistanceMeters>
    </Trackpoint>
    <Trackpoint>
     <Time>2026-07-22T14:38:35+00:00</Time>
     <Position>
      <LatitudeDegrees>63.3058000</LatitudeDegrees>
      <LongitudeDegrees>18.3320300</LongitudeDegrees>
     </Position>
     <AltitudeMeters>128.54999999999998</AltitudeMeters>
     <DistanceMeters>638.3220294030139</DistanceMeters>
    </Trackpoint>
    <Trackpoint>
     <Time>2026-07-22T14:38:46+00:00</Time>
     <Position>
      <LatitudeDegrees>63.3062200</LatitudeDegrees>
      <LongitudeDegrees>18.3317200</LongitudeDegrees>
     </Position>
     <AltitudeMeters>128.82000000000002</AltitudeMeters>
     <DistanceMeters>687.5687393059835</DistanceMeters>
    </Trackpoint>
    <Trackpoint>
     <Time>2026-07-22T14:38:57+00:00</Time>
     <Position>
      <LatitudeDegrees>63.3065400</LatitudeDegrees>
      <LongitudeDegrees>18.3314000</LongitudeDegrees>
     </Position>
     <AltitudeMeters>128.77</AltitudeMeters>
     <DistanceMeters>726.6118177611214</DistanceMeters>
    </Trackpoint>
    <Trackpoint>
     <Time>2026-07-22T14:39:07+00:00</Time>
     <Position>
      <LatitudeDegrees>63.3068400</LatitudeDegrees>
      <LongitudeDegrees>18.3309700</LongitudeDegrees>
     </Position>
     <AltitudeMeters>128.93</AltitudeMeters>
     <DistanceMeters>766.3229645369036</DistanceMeters>
    </Trackpoint>
    <Trackpoint>
     <Time>2026-07-22T14:39:18+00:00</Time>
     <Position>
      <LatitudeDegrees>63.3071400</LatitudeDegrees>
      <LongitudeDegrees>18.3312400</LongitudeDegrees>
     </Position>
     <AltitudeMeters>130.53</AltitudeMeters>
     <DistanceMeters>802.3371292925049</DistanceMeters>
    </Trackpoint>
    <Trackpoint>
     <Time>2026-07-22T14:39:29+00:00</Time>
     <Position>
      <LatitudeDegrees>63.3076350</LatitudeDegrees>
      <LongitudeDegrees>18.3316400</LongitudeDegrees>
     </Position>
     <AltitudeMeters>136.95000000000002</AltitudeMeters>
     <DistanceMeters>860.9456820682985</DistanceMeters>
    </Trackpoint>
    <Trackpoint>
     <Time>2026-07-22T14:39:40+00:00</Time>
     <Position>
      <LatitudeDegrees>63.3081300</LatitudeDegrees>
      <LongitudeDegrees>18.3320400</LongitudeDegrees>
     </Position>
     <AltitudeMeters>140.74</AltitudeMeters>
     <DistanceMeters>919.5542323467663</DistanceMeters>
    </Trackpoint>
    <Trackpoint>
     <Time>2026-07-22T14:39:51+00:00</Time>
     <Position>
      <LatitudeDegrees>63.3081300</LatitudeDegrees>
      <LongitudeDegrees>18.3320300</LongitudeDegrees>
     </Position>
     <AltitudeMeters>140.37000000000003</AltitudeMeters>
     <DistanceMeters>919.5542323467663</DistanceMeters>
    </Trackpoint>
    <Trackpoint>
     <Time>2026-07-22T14:40:02+00:00</Time>
     <Position>
      <LatitudeDegrees>63.3084300</LatitudeDegrees>
      <LongitudeDegrees>18.3321100</LongitudeDegrees>
     </Position>
     <AltitudeMeters>143.25</AltitudeMeters>
     <DistanceMeters>953.1816169625495</DistanceMeters>
    </Trackpoint>
    <Trackpoint>
     <Time>2026-07-22T14:40:12+00:00</Time>
     <Position>
      <LatitudeDegrees>63.3089400</LatitudeDegrees>
      <LongitudeDegrees>18.3321400</LongitudeDegrees>
     </Position>
     <AltitudeMeters>146.67000000000002</AltitudeMeters>
     <DistanceMeters>1009.9622238475918</DistanceMeters>
    </Trackpoint>
    <Trackpoint>
     <Time>2026-07-22T14:40:23+00:00</Time>
     <Position>
      <LatitudeDegrees>63.3094400</LatitudeDegrees>
      <LongitudeDegrees>18.3321500</LongitudeDegrees>
     </Position>
     <AltitudeMeters>146.13</AltitudeMeters>
     <DistanceMeters>1065.6123090105514</DistanceMeters>
    </Trackpoint>
    <Trackpoint>
     <Time>2026-07-22T14:40:34+00:00</Time>
     <Position>
      <LatitudeDegrees>63.3096100</LatitudeDegrees>
      <LongitudeDegrees>18.3321900</LongitudeDegrees>
     </Position>
     <AltitudeMeters>144.17000000000002</AltitudeMeters>
     <DistanceMeters>1084.6379486650371</DistanceMeters>
    </Trackpoint>
    <Trackpoint>
     <Time>2026-07-22T14:40:45+00:00</Time>
     <Position>
      <LatitudeDegrees>63.3097400</LatitudeDegrees>
      <LongitudeDegrees>18.3322300</LongitudeDegrees>
     </Position>
     <AltitudeMeters>143.23000000000002</AltitudeMeters>
     <DistanceMeters>1099.2439126335807</DistanceMeters>
    </Trackpoint>
    <Trackpoint>
     <Time>2026-07-22T14:40:56+00:00</Time>
     <Position>
      <LatitudeDegrees>63.3099500</LatitudeDegrees>
      <LongitudeDegrees>18.3326100</LongitudeDegrees>
     </Position>
     <AltitudeMeters>144.78000000000003</AltitudeMeters>
     <DistanceMeters>1129.3622276586061</DistanceMeters>
    </Trackpoint>
    <Trackpoint>
     <Time>2026-07-22T14:41:07+00:00</Time>
     <Position>
      <LatitudeDegrees>63.3103300</LatitudeDegrees>
      <LongitudeDegrees>18.3330400</LongitudeDegrees>
     </Position>
     <AltitudeMeters>149.19000000000003</AltitudeMeters>
     <DistanceMeters>1176.8037970334906</DistanceMeters>
    </Trackpoint>
    <Trackpoint>
     <Time>2026-07-22T14:41:17+00:00</Time>
     <Position>
      <LatitudeDegrees>63.3106200</LatitudeDegrees>
      <LongitudeDegrees>18.3332900</LongitudeDegrees>
     </Position>
     <AltitudeMeters>152.2</AltitudeMeters>
     <DistanceMeters>1211.4145703987588</DistanceMeters>
    </Trackpoint>
    <Trackpoint>
     <Time>2026-07-22T14:41:28+00:00</Time>
     <Position>
      <LatitudeDegrees>63.3109100</LatitudeDegrees>
      <LongitudeDegrees>18.3333100</LongitudeDegrees>
     </Position>
     <AltitudeMeters>160.39000000000001</AltitudeMeters>
     <DistanceMeters>1243.705798157264</DistanceMeters>
    </Trackpoint>
    <Trackpoint>
     <Time>2026-07-22T14:41:39+00:00</Time>
     <Position>
      <LatitudeDegrees>63.3111100</LatitudeDegrees>
      <LongitudeDegrees>18.3331700</LongitudeDegrees>
     </Position>
     <AltitudeMeters>165.05</AltitudeMeters>
     <DistanceMeters>1267.0391630915108</DistanceMeters>
    </Trackpoint>
    <Trackpoint>
     <Time>2026-07-22T14:41:50+00:00</Time>
     <Position>
      <LatitudeDegrees>63.3113600</LatitudeDegrees>
      <LongitudeDegrees>18.3331700</LongitudeDegrees>
     </Position>
     <AltitudeMeters>162.44</AltitudeMeters>
     <DistanceMeters>1294.863082951849</DistanceMeters>
    </Trackpoint>
    <Trackpoint>
     <Time>2026-07-22T14:42:01+00:00</Time>
     <Position>
      <LatitudeDegrees>63.3118000</LatitudeDegrees>
      <LongitudeDegrees>18.3336900</LongitudeDegrees>
     </Position>
     <AltitudeMeters>166.43</AltitudeMeters>
     <DistanceMeters>1350.3042556237026</DistanceMeters>
    </Trackpoint>
    <Trackpoint>
     <Time>2026-07-22T14:42:12+00:00</Time>
     <Position>
      <LatitudeDegrees>63.3120700</LatitudeDegrees>
      <LongitudeDegrees>18.3340700</LongitudeDegrees>
     </Position>
     <AltitudeMeters>170.19</AltitudeMeters>
     <DistanceMeters>1385.854196676045</DistanceMeters>
    </Trackpoint>
    <Trackpoint>
     <Time>2026-07-22T14:42:22+00:00</Time>
     <Position>
      <LatitudeDegrees>63.3123500</LatitudeDegrees>
      <LongitudeDegrees>18.3343400</LongitudeDegrees>
     </Position>
     <AltitudeMeters>172.44</AltitudeMeters>
     <DistanceMeters>1419.8139962234436</DistanceMeters>
    </Trackpoint>
    <Trackpoint>
     <Time>2026-07-22T14:42:33+00:00</Time>
     <Position>
      <LatitudeDegrees>63.3126000</LatitudeDegrees>
      <LongitudeDegrees>18.3345700</LongitudeDegrees>
     </Position>
     <AltitudeMeters>174.36</AltitudeMeters>
     <DistanceMeters>1449.9195509087906</DistanceMeters>
    </Trackpoint>
    <Trackpoint>
     <Time>2026-07-22T14:42:44+00:00</Time>
     <Position>
      <LatitudeDegrees>63.3128800</LatitudeDegrees>
      <LongitudeDegrees>18.3349600</LongitudeDegrees>
     </Position>
     <AltitudeMeters>177.87000000000003</AltitudeMeters>
     <DistanceMeters>1486.6774577548606</DistanceMeters>
    </Trackpoint>
    <Trackpoint>
     <Time>2026-07-22T14:42:55+00:00</Time>
     <Position>
      <LatitudeDegrees>63.3131900</LatitudeDegrees>
      <LongitudeDegrees>18.3354100</LongitudeDegrees>
     </Position>
     <AltitudeMeters>176.25</AltitudeMeters>
     <DistanceMeters>1527.8636645067804</DistanceMeters>
    </Trackpoint>
    <Trackpoint>
     <Time>2026-07-22T14:43:06+00:00</Time>
     <Position>
      <LatitudeDegrees>63.3134000</LatitudeDegrees>
      <LongitudeDegrees>18.3357900</LongitudeDegrees>
     </Position>
     <AltitudeMeters>180.17000000000002</AltitudeMeters>
     <DistanceMeters>1557.9805445167908</DistanceMeters>
    </Trackpoint>
    <Trackpoint>
     <Time>2026-07-22T14:43:17+00:00</Time>
     <Position>
      <LatitudeDegrees>63.3137400</LatitudeDegrees>
      <LongitudeDegrees>18.3359100</LongitudeDegrees>
     </Position>
     <AltitudeMeters>183.86</AltitudeMeters>
     <DistanceMeters>1596.2934971274294</DistanceMeters>
    </Trackpoint>
    <Trackpoint>
     <Time>2026-07-22T14:43:27+00:00</Time>
     <Position>
      <LatitudeDegrees>63.3139800</LatitudeDegrees>
      <LongitudeDegrees>18.3359600</LongitudeDegrees>
     </Position>
     <AltitudeMeters>179.46</AltitudeMeters>
     <DistanceMeters>1623.121120038975</DistanceMeters>
    </Trackpoint>
    <Trackpoint>
     <Time>2026-07-22T14:43:38+00:00</Time>
     <Position>
      <LatitudeDegrees>63.3142700</LatitudeDegrees>
      <LongitudeDegrees>18.3360400</LongitudeDegrees>
     </Position>
     <AltitudeMeters>178.47000000000003</AltitudeMeters>
     <DistanceMeters>1655.6436170013098</DistanceMeters>
    </Trackpoint>
    <Trackpoint>
     <Time>2026-07-22T14:43:49+00:00</Time>
     <Position>
      <LatitudeDegrees>63.3145100</LatitudeDegrees>
      <LongitudeDegrees>18.3361100</LongitudeDegrees>
     </Position>
     <AltitudeMeters>178.37</AltitudeMeters>
     <DistanceMeters>1682.5827497174323</DistanceMeters>
    </Trackpoint>
    <Trackpoint>
     <Time>2026-07-22T14:44:00+00:00</Time>
     <Position>
      <LatitudeDegrees>63.3147400</LatitudeDegrees>
      <LongitudeDegrees>18.3362400</LongitudeDegrees>
     </Position>
     <AltitudeMeters>178.71</AltitudeMeters>
     <DistanceMeters>1708.9925454632953</DistanceMeters>
    </Trackpoint>
    <Trackpoint>
     <Time>2026-07-22T14:44:11+00:00</Time>
     <Position>
      <LatitudeDegrees>63.3149100</LatitudeDegrees>
      <LongitudeDegrees>18.3364900</LongitudeDegrees>
     </Position>
     <AltitudeMeters>181.23</AltitudeMeters>
     <DistanceMeters>1731.6665627868224</DistanceMeters>
    </Trackpoint>
    <Trackpoint>
     <Time>2026-07-22T14:44:21+00:00</Time>
     <Position>
      <LatitudeDegrees>63.3149800</LatitudeDegrees>
      <LongitudeDegrees>18.3370100</LongitudeDegrees>
     </Position>
     <AltitudeMeters>183.60000000000002</AltitudeMeters>
     <DistanceMeters>1758.799386755874</DistanceMeters>
    </Trackpoint>
    <Trackpoint>
     <Time>2026-07-22T14:44:32+00:00</Time>
     <Position>
      <LatitudeDegrees>63.3150500</LatitudeDegrees>
      <LongitudeDegrees>18.3375500</LongitudeDegrees>
     </Position>
     <AltitudeMeters>185.21</AltitudeMeters>
     <DistanceMeters>1786.8911473835751</DistanceMeters>
    </Trackpoint>
    <Trackpoint>
     <Time>2026-07-22T14:44:43+00:00</Time>
     <Position>
      <LatitudeDegrees>63.3149400</LatitudeDegrees>
      <LongitudeDegrees>18.3379300</LongitudeDegrees>
     </Position>
     <AltitudeMeters>186.69000000000003</AltitudeMeters>
     <DistanceMeters>1809.4877968506496</DistanceMeters>
    </Trackpoint>
    <Trackpoint>
     <Time>2026-07-22T14:44:54+00:00</Time>
     <Position>
      <LatitudeDegrees>63.3147400</LatitudeDegrees>
      <LongitudeDegrees>18.3387800</LongitudeDegrees>
     </Position>
     <AltitudeMeters>168.70000000000002</AltitudeMeters>
     <DistanceMeters>1857.4501091132545</DistanceMeters>
    </Trackpoint>
    <Trackpoint>
     <Time>2026-07-22T14:45:05+00:00</Time>
     <Position>
      <LatitudeDegrees>63.3148600</LatitudeDegrees>
      <LongitudeDegrees>18.3394100</LongitudeDegrees>
     </Position>
     <AltitudeMeters>165.56</AltitudeMeters>
     <DistanceMeters>1891.6537326992982</DistanceMeters>
    </Trackpoint>
    <Trackpoint>
     <Time>2026-07-22T14:45:16+00:00</Time>
     <Position>
      <LatitudeDegrees>63.3150000</LatitudeDegrees>
      <LongitudeDegrees>18.3402200</LongitudeDegrees>
     </Position>
     <AltitudeMeters>163.17000000000002</AltitudeMeters>
     <DistanceMeters>1935.033528162625</DistanceMeters>
    </Trackpoint>
    <Trackpoint>
     <Time>2026-07-22T14:45:26+00:00</Time>
     <Position>
      <LatitudeDegrees>63.3150900</LatitudeDegrees>
      <LongitudeDegrees>18.3409400</LongitudeDegrees>
     </Position>
     <AltitudeMeters>161.4</AltitudeMeters>
     <DistanceMeters>1972.3879878900605</DistanceMeters>
    </Trackpoint>
    <Trackpoint>
     <Time>2026-07-22T14:45:37+00:00</Time>
     <Position>
      <LatitudeDegrees>63.3151800</LatitudeDegrees>
      <LongitudeDegrees>18.3418900</LongitudeDegrees>
     </Position>
     <AltitudeMeters>157.85000000000002</AltitudeMeters>
     <DistanceMeters>2020.914967993273</DistanceMeters>
    </Trackpoint>
    <Trackpoint>
     <Time>2026-07-22T14:45:48+00:00</Time>
     <Position>
      <LatitudeDegrees>63.3152600</LatitudeDegrees>
      <LongitudeDegrees>18.3428300</LongitudeDegrees>
     </Position>
     <AltitudeMeters>156.28</AltitudeMeters>
     <DistanceMeters>2068.73319922931</DistanceMeters>
    </Trackpoint>
    <Trackpoint>
     <Time>2026-07-22T14:45:59+00:00</Time>
     <Position>
      <LatitudeDegrees>63.3153000</LatitudeDegrees>
      <LongitudeDegrees>18.3443800</LongitudeDegrees>
     </Position>
     <AltitudeMeters>156.60000000000002</AltitudeMeters>
     <DistanceMeters>2146.3311612356447</DistanceMeters>
    </Trackpoint>
    <Trackpoint>
     <Time>2026-07-22T14:46:10+00:00</Time>
     <Position>
      <LatitudeDegrees>63.3152800</LatitudeDegrees>
      <LongitudeDegrees>18.3450100</LongitudeDegrees>
     </Position>
     <AltitudeMeters>157.75</AltitudeMeters>
     <DistanceMeters>2177.8975979955294</DistanceMeters>
    </Trackpoint>
    <Trackpoint>
     <Time>2026-07-22T14:46:21+00:00</Time>
     <Position>
      <LatitudeDegrees>63.3153700</LatitudeDegrees>
      <LongitudeDegrees>18.3458800</LongitudeDegrees>
     </Position>
     <AltitudeMeters>157.62</AltitudeMeters>
     <DistanceMeters>2222.5195598525393</DistanceMeters>
    </Trackpoint>
    <Trackpoint>
     <Time>2026-07-22T14:46:31+00:00</Time>
     <Position>
      <LatitudeDegrees>63.3153800</LatitudeDegrees>
      <LongitudeDegrees>18.3466200</LongitudeDegrees>
     </Position>
     <AltitudeMeters>157.12</AltitudeMeters>
     <DistanceMeters>2259.5219308788805</DistanceMeters>
    </Trackpoint>
    <Trackpoint>
     <Time>2026-07-22T14:46:42+00:00</Time>
     <Position>
      <LatitudeDegrees>63.3154600</LatitudeDegrees>
      <LongitudeDegrees>18.3473200</LongitudeDegrees>
     </Position>
     <AltitudeMeters>153.96</AltitudeMeters>
     <DistanceMeters>2295.623452444515</DistanceMeters>
    </Trackpoint>
    <Trackpoint>
     <Time>2026-07-22T14:46:53+00:00</Time>
     <Position>
      <LatitudeDegrees>63.3154800</LatitudeDegrees>
      <LongitudeDegrees>18.3480700</LongitudeDegrees>
     </Position>
     <AltitudeMeters>151.66000000000003</AltitudeMeters>
     <DistanceMeters>2333.174794358313</DistanceMeters>
    </Trackpoint>
    <Trackpoint>
     <Time>2026-07-22T14:47:04+00:00</Time>
     <Position>
      <LatitudeDegrees>63.3154600</LatitudeDegrees>
      <LongitudeDegrees>18.3488400</LongitudeDegrees>
     </Position>
     <AltitudeMeters>149.28000000000003</AltitudeMeters>
     <DistanceMeters>2371.7240324097966</DistanceMeters>
    </Trackpoint>
    <Trackpoint>
     <Time>2026-07-22T14:47:15+00:00</Time>
     <Position>
      <LatitudeDegrees>63.3156400</LatitudeDegrees>
      <LongitudeDegrees>18.3491500</LongitudeDegrees>
     </Position>
     <AltitudeMeters>145.17000000000002</AltitudeMeters>
     <DistanceMeters>2397.0497207877015</DistanceMeters>
    </Trackpoint>
    <Trackpoint>
     <Time>2026-07-22T14:47:26+00:00</Time>
     <Position>
      <LatitudeDegrees>63.3159000</LatitudeDegrees>
      <LongitudeDegrees>18.3495900</LongitudeDegrees>
     </Position>
     <AltitudeMeters>141.35</AltitudeMeters>
     <DistanceMeters>2433.3946471569684</DistanceMeters>
    </Trackpoint>
    <Trackpoint>
     <Time>2026-07-22T14:47:36+00:00</Time>
     <Position>
      <LatitudeDegrees>63.3160100</LatitudeDegrees>
      <LongitudeDegrees>18.3500100</LongitudeDegrees>
     </Position>
     <AltitudeMeters>139.25</AltitudeMeters>
     <DistanceMeters>2457.6952472831313</DistanceMeters>
    </Trackpoint>
    <Trackpoint>
     <Time>2026-07-22T14:47:47+00:00</Time>
     <Position>
      <LatitudeDegrees>63.3162600</LatitudeDegrees>
      <LongitudeDegrees>18.3502800</LongitudeDegrees>
     </Position>
     <AltitudeMeters>135.94</AltitudeMeters>
     <DistanceMeters>2488.61885255363</DistanceMeters>
    </Trackpoint>
    <Trackpoint>
     <Time>2026-07-22T14:47:58+00:00</Time>
     <Position>
      <LatitudeDegrees>63.3165000</LatitudeDegrees>
      <LongitudeDegrees>18.3505400</LongitudeDegrees>
     </Position>
     <AltitudeMeters>131.81</AltitudeMeters>
     <DistanceMeters>2518.32293493864</DistanceMeters>
    </Trackpoint>
    <Trackpoint>
     <Time>2026-07-22T14:48:09+00:00</Time>
     <Position>
      <LatitudeDegrees>63.3166600</LatitudeDegrees>
      <LongitudeDegrees>18.3513100</LongitudeDegrees>
     </Position>
     <AltitudeMeters>126.82000000000001</AltitudeMeters>
     <DistanceMeters>2560.7266509382703</DistanceMeters>
    </Trackpoint>
    <Trackpoint>
     <Time>2026-07-22T14:48:20+00:00</Time>
     <Position>
      <LatitudeDegrees>63.3167900</LatitudeDegrees>
      <LongitudeDegrees>18.3517200</LongitudeDegrees>
     </Position>
     <AltitudeMeters>123.73</AltitudeMeters>
     <DistanceMeters>2585.8109080898867</DistanceMeters>
    </Trackpoint>
    <Trackpoint>
     <Time>2026-07-22T14:48:31+00:00</Time>
     <Position>
      <LatitudeDegrees>63.3168100</LatitudeDegrees>
      <LongitudeDegrees>18.3517700</LongitudeDegrees>
     </Position>
     <AltitudeMeters>137.47</AltitudeMeters>
     <DistanceMeters>2585.8109080898867</DistanceMeters>
    </Trackpoint>
    <Trackpoint>
     <Time>2026-07-22T14:48:41+00:00</Time>
     <Position>
      <LatitudeDegrees>63.3169900</LatitudeDegrees>
      <LongitudeDegrees>18.3513600</LongitudeDegrees>
     </Position>
     <AltitudeMeters>135.17000000000002</AltitudeMeters>
     <DistanceMeters>2614.4676549643914</DistanceMeters>
    </Trackpoint>
    <Trackpoint>
     <Time>2026-07-22T14:48:52+00:00</Time>
     <Position>
      <LatitudeDegrees>63.3173200</LatitudeDegrees>
      <LongitudeDegrees>18.3505900</LongitudeDegrees>
     </Position>
     <AltitudeMeters>130.83</AltitudeMeters>
     <DistanceMeters>2667.663805679435</DistanceMeters>
    </Trackpoint>
    <Trackpoint>
     <Time>2026-07-22T14:49:03+00:00</Time>
     <Position>
      <LatitudeDegrees>63.3175500</LatitudeDegrees>
      <LongitudeDegrees>18.3500600</LongitudeDegrees>
     </Position>
     <AltitudeMeters>127.7</AltitudeMeters>
     <DistanceMeters>2704.499415427012</DistanceMeters>
    </Trackpoint>
    <Trackpoint>
     <Time>2026-07-22T14:49:14+00:00</Time>
     <Position>
      <LatitudeDegrees>63.3176800</LatitudeDegrees>
      <LongitudeDegrees>18.3497700</LongitudeDegrees>
     </Position>
     <AltitudeMeters>126.52000000000002</AltitudeMeters>
     <DistanceMeters>2724.9784226882675</DistanceMeters>
    </Trackpoint>
    <Trackpoint>
     <Time>2026-07-22T14:49:25+00:00</Time>
     <Position>
      <LatitudeDegrees>63.3179500</LatitudeDegrees>
      <LongitudeDegrees>18.3489000</LongitudeDegrees>
     </Position>
     <AltitudeMeters>121.76</AltitudeMeters>
     <DistanceMeters>2777.831544694821</DistanceMeters>
    </Trackpoint>
    <Trackpoint>
     <Time>2026-07-22T14:49:36+00:00</Time>
     <Position>
      <LatitudeDegrees>63.3182100</LatitudeDegrees>
      <LongitudeDegrees>18.3478900</LongitudeDegrees>
     </Position>
     <AltitudeMeters>117.0</AltitudeMeters>
     <DistanceMeters>2836.0134448967797</DistanceMeters>
    </Trackpoint>
    <Trackpoint>
     <Time>2026-07-22T14:49:46+00:00</Time>
     <Position>
      <LatitudeDegrees>63.3183200</LatitudeDegrees>
      <LongitudeDegrees>18.3476300</LongitudeDegrees>
     </Position>
     <AltitudeMeters>115.95</AltitudeMeters>
     <DistanceMeters>2853.8660152505445</DistanceMeters>
    </Trackpoint>
    <Trackpoint>
     <Time>2026-07-22T14:49:57+00:00</Time>
     <Position>
      <LatitudeDegrees>63.3186200</LatitudeDegrees>
      <LongitudeDegrees>18.3472800</LongitudeDegrees>
     </Position>
     <AltitudeMeters>112.56</AltitudeMeters>
     <DistanceMeters>2891.5588783039047</DistanceMeters>
    </Trackpoint>
    <Trackpoint>
     <Time>2026-07-22T14:50:08+00:00</Time>
     <Position>
      <LatitudeDegrees>63.3188300</LatitudeDegrees>
      <LongitudeDegrees>18.3469900</LongitudeDegrees>
     </Position>
     <AltitudeMeters>110.44000000000001</AltitudeMeters>
     <DistanceMeters>2919.0596519793703</DistanceMeters>
    </Trackpoint>
    <Trackpoint>
     <Time>2026-07-22T14:50:19+00:00</Time>
     <Position>
      <LatitudeDegrees>63.3189800</LatitudeDegrees>
      <LongitudeDegrees>18.3468400</LongitudeDegrees>
     </Position>
     <AltitudeMeters>109.28</AltitudeMeters>
     <DistanceMeters>2937.35975911967</DistanceMeters>
    </Trackpoint>
    <Trackpoint>
     <Time>2026-07-22T14:50:30+00:00</Time>
     <Position>
      <LatitudeDegrees>63.3193400</LatitudeDegrees>
      <LongitudeDegrees>18.3458500</LongitudeDegrees>
     </Position>
     <AltitudeMeters>107.91</AltitudeMeters>
     <DistanceMeters>3001.0231196292657</DistanceMeters>
    </Trackpoint>
    <Trackpoint>
     <Time>2026-07-22T14:50:41+00:00</Time>
     <Position>
      <LatitudeDegrees>63.3194100</LatitudeDegrees>
      <LongitudeDegrees>18.3456800</LongitudeDegrees>
     </Position>
     <AltitudeMeters>108.16000000000001</AltitudeMeters>
     <DistanceMeters>3012.549992673089</DistanceMeters>
    </Trackpoint>
    <Trackpoint>
     <Time>2026-07-22T14:50:51+00:00</Time>
     <Position>
      <LatitudeDegrees>63.3195900</LatitudeDegrees>
      <LongitudeDegrees>18.3456900</LongitudeDegrees>
     </Position>
     <AltitudeMeters>108.26</AltitudeMeters>
     <DistanceMeters>3032.589447006396</DistanceMeters>
    </Trackpoint>
    <Trackpoint>
     <Time>2026-07-22T14:51:02+00:00</Time>
     <Position>
      <LatitudeDegrees>63.3197500</LatitudeDegrees>
      <LongitudeDegrees>18.3459000</LongitudeDegrees>
     </Position>
     <AltitudeMeters>108.46000000000001</AltitudeMeters>
     <DistanceMeters>3053.2590324064863</DistanceMeters>
    </Trackpoint>
    <Trackpoint>
     <Time>2026-07-22T14:51:13+00:00</Time>
     <Position>
      <LatitudeDegrees>63.3197400</LatitudeDegrees>
      <LongitudeDegrees>18.3459000</LongitudeDegrees>
     </Position>
     <AltitudeMeters>108.46000000000001</AltitudeMeters>
     <DistanceMeters>3053.2590324064863</DistanceMeters>
    </Trackpoint>
    <Trackpoint>
     <Time>2026-07-22T14:51:24+00:00</Time>
     <Position>
      <LatitudeDegrees>63.3198300</LatitudeDegrees>
      <LongitudeDegrees>18.3460100</LongitudeDegrees>
     </Position>
     <AltitudeMeters>108.65</AltitudeMeters>
     <DistanceMeters>3064.684869295977</DistanceMeters>
    </Trackpoint>
    <Trackpoint>
     <Time>2026-07-22T14:51:35+00:00</Time>
     <Position>
      <LatitudeDegrees>63.3200000</LatitudeDegrees>
      <LongitudeDegrees>18.3463600</LongitudeDegrees>
     </Position>
     <AltitudeMeters>109.62</AltitudeMeters>
     <DistanceMeters>3090.4509734117346</DistanceMeters>
    </Trackpoint>
    <Trackpoint>
     <Time>2026-07-22T14:51:46+00:00</Time>
     <Position>
      <LatitudeDegrees>63.3201800</LatitudeDegrees>
      <LongitudeDegrees>18.3464400</LongitudeDegrees>
     </Position>
     <AltitudeMeters>110.59</AltitudeMeters>
     <DistanceMeters>3110.879197382721</DistanceMeters>
    </Trackpoint>
    <Trackpoint>
     <Time>2026-07-22T14:51:56+00:00</Time>
     <Position>
      <LatitudeDegrees>63.3203000</LatitudeDegrees>
      <LongitudeDegrees>18.3464100</LongitudeDegrees>
     </Position>
     <AltitudeMeters>111.93</AltitudeMeters>
     <DistanceMeters>3124.3185567407054</DistanceMeters>
    </Trackpoint>
    <Trackpoint>
     <Time>2026-07-22T14:52:07+00:00</Time>
     <Position>
      <LatitudeDegrees>63.3204000</LatitudeDegrees>
      <LongitudeDegrees>18.3463800</LongitudeDegrees>
     </Position>
     <AltitudeMeters>112.76</AltitudeMeters>
     <DistanceMeters>3135.5486394852005</DistanceMeters>
    </Trackpoint>
    <Trackpoint>
     <Time>2026-07-22T14:52:18+00:00</Time>
     <Position>
      <LatitudeDegrees>63.3206000</LatitudeDegrees>
      <LongitudeDegrees>18.3455600</LongitudeDegrees>
     </Position>
     <AltitudeMeters>113.10000000000001</AltitudeMeters>
     <DistanceMeters>3182.180879296099</DistanceMeters>
    </Trackpoint>
    <Trackpoint>
     <Time>2026-07-22T14:52:29+00:00</Time>
     <Position>
      <LatitudeDegrees>63.3207800</LatitudeDegrees>
      <LongitudeDegrees>18.3448200</LongitudeDegrees>
     </Position>
     <AltitudeMeters>113.66000000000001</AltitudeMeters>
     <DistanceMeters>3224.2375300662784</DistanceMeters>
    </Trackpoint>
    <Trackpoint>
     <Time>2026-07-22T14:52:40+00:00</Time>
     <Position>
      <LatitudeDegrees>63.3211300</LatitudeDegrees>
      <LongitudeDegrees>18.3432100</LongitudeDegrees>
     </Position>
     <AltitudeMeters>117.65</AltitudeMeters>
     <DistanceMeters>3313.624790071622</DistanceMeters>
    </Trackpoint>
    <Trackpoint>
     <Time>2026-07-22T14:52:51+00:00</Time>
     <Position>
      <LatitudeDegrees>63.3212400</LatitudeDegrees>
      <LongitudeDegrees>18.3427200</LongitudeDegrees>
     </Position>
     <AltitudeMeters>120.15</AltitudeMeters>
     <DistanceMeters>3341.0003492250157</DistanceMeters>
    </Trackpoint>
    <Trackpoint>
     <Time>2026-07-22T14:53:01+00:00</Time>
     <Position>
      <LatitudeDegrees>63.3215100</LatitudeDegrees>
      <LongitudeDegrees>18.3418200</LongitudeDegrees>
     </Position>
     <AltitudeMeters>121.97000000000001</AltitudeMeters>
     <DistanceMeters>3395.0889497395183</DistanceMeters>
    </Trackpoint>
    <Trackpoint>
     <Time>2026-07-22T14:53:12+00:00</Time>
     <Position>
      <LatitudeDegrees>63.3216600</LatitudeDegrees>
      <LongitudeDegrees>18.3414500</LongitudeDegrees>
     </Position>
     <AltitudeMeters>121.94</AltitudeMeters>
     <DistanceMeters>3419.9995519315835</DistanceMeters>
    </Trackpoint>
    <Trackpoint>
     <Time>2026-07-22T14:53:23+00:00</Time>
     <Position>
      <LatitudeDegrees>63.3216600</LatitudeDegrees>
      <LongitudeDegrees>18.3414600</LongitudeDegrees>
     </Position>
     <AltitudeMeters>121.94</AltitudeMeters>
     <DistanceMeters>3419.9995519315835</DistanceMeters>
    </Trackpoint>
    <Trackpoint>
     <Time>2026-07-22T14:53:34+00:00</Time>
     <Position>
      <LatitudeDegrees>63.3219000</LatitudeDegrees>
      <LongitudeDegrees>18.3409200</LongitudeDegrees>
     </Position>
     <AltitudeMeters>122.15</AltitudeMeters>
     <DistanceMeters>3457.96776731936</DistanceMeters>
    </Trackpoint>
    <Trackpoint>
     <Time>2026-07-22T14:53:45+00:00</Time>
     <Position>
      <LatitudeDegrees>63.3221500</LatitudeDegrees>
      <LongitudeDegrees>18.3396000</LongitudeDegrees>
     </Position>
     <AltitudeMeters>122.88000000000001</AltitudeMeters>
     <DistanceMeters>3529.5553181791556</DistanceMeters>
    </Trackpoint>
    <Trackpoint>
     <Time>2026-07-22T14:53:55+00:00</Time>
     <Position>
      <LatitudeDegrees>63.3221800</LatitudeDegrees>
      <LongitudeDegrees>18.3394900</LongitudeDegrees>
     </Position>
     <AltitudeMeters>123.05</AltitudeMeters>
     <DistanceMeters>3535.9865163300965</DistanceMeters>
    </Trackpoint>
    <Trackpoint>
     <Time>2026-07-22T14:54:06+00:00</Time>
     <Position>
      <LatitudeDegrees>63.3226200</LatitudeDegrees>
      <LongitudeDegrees>18.3381100</LongitudeDegrees>
     </Position>
     <AltitudeMeters>128.54999999999998</AltitudeMeters>
     <DistanceMeters>3620.5622351503885</DistanceMeters>
    </Trackpoint>
    <Trackpoint>
     <Time>2026-07-22T14:54:17+00:00</Time>
     <Position>
      <LatitudeDegrees>63.3227800</LatitudeDegrees>
      <LongitudeDegrees>18.3377500</LongitudeDegrees>
     </Position>
     <AltitudeMeters>132.17000000000002</AltitudeMeters>
     <DistanceMeters>3645.873970199576</DistanceMeters>
    </Trackpoint>
    <Trackpoint>
     <Time>2026-07-22T14:54:28+00:00</Time>
     <Position>
      <LatitudeDegrees>63.3231900</LatitudeDegrees>
      <LongitudeDegrees>18.3368400</LongitudeDegrees>
     </Position>
     <AltitudeMeters>138.1</AltitudeMeters>
     <DistanceMeters>3710.2925854359632</DistanceMeters>
    </Trackpoint>
    <Trackpoint>
     <Time>2026-07-22T14:54:39+00:00</Time>
     <Position>
      <LatitudeDegrees>63.3234750</LatitudeDegrees>
      <LongitudeDegrees>18.3359500</LongitudeDegrees>
     </Position>
     <AltitudeMeters>140.24</AltitudeMeters>
     <DistanceMeters>3764.9159395142015</DistanceMeters>
    </Trackpoint>
    <Trackpoint>
     <Time>2026-07-22T14:54:50+00:00</Time>
     <Position>
      <LatitudeDegrees>63.3237600</LatitudeDegrees>
      <LongitudeDegrees>18.3350600</LongitudeDegrees>
     </Position>
     <AltitudeMeters>139.34</AltitudeMeters>
     <DistanceMeters>3819.539298333737</DistanceMeters>
    </Trackpoint>
    <Trackpoint>
     <Time>2026-07-22T14:55:00+00:00</Time>
     <Position>
      <LatitudeDegrees>63.3242100</LatitudeDegrees>
      <LongitudeDegrees>18.3336300</LongitudeDegrees>
     </Position>
     <AltitudeMeters>138.39000000000001</AltitudeMeters>
     <DistanceMeters>3906.7944183654035</DistanceMeters>
    </Trackpoint>
    <Trackpoint>
     <Time>2026-07-22T14:55:11+00:00</Time>
     <Position>
      <LatitudeDegrees>63.3246600</LatitudeDegrees>
      <LongitudeDegrees>18.3322000</LongitudeDegrees>
     </Position>
     <AltitudeMeters>137.8</AltitudeMeters>
     <DistanceMeters>3994.0495624815076</DistanceMeters>
    </Trackpoint>
    <Trackpoint>
     <Time>2026-07-22T14:55:22+00:00</Time>
     <Position>
      <LatitudeDegrees>63.3249950</LatitudeDegrees>
      <LongitudeDegrees>18.3311550</LongitudeDegrees>
     </Position>
     <AltitudeMeters>134.91</AltitudeMeters>
     <DistanceMeters>4058.2073379165404</DistanceMeters>
    </Trackpoint>
    <Trackpoint>
     <Time>2026-07-22T14:55:33+00:00</Time>
     <Position>
      <LatitudeDegrees>63.3253300</LatitudeDegrees>
      <LongitudeDegrees>18.3301100</LongitudeDegrees>
     </Position>
     <AltitudeMeters>131.53</AltitudeMeters>
     <DistanceMeters>4122.3651184203945</DistanceMeters>
    </Trackpoint>
    <Trackpoint>
     <Time>2026-07-22T14:55:44+00:00</Time>
     <Position>
      <LatitudeDegrees>63.3255600</LatitudeDegrees>
      <LongitudeDegrees>18.3294400</LongitudeDegrees>
     </Position>
     <AltitudeMeters>129.07000000000002</AltitudeMeters>
     <DistanceMeters>4164.505979787022</DistanceMeters>
    </Trackpoint>
    <Trackpoint>
     <Time>2026-07-22T14:55:55+00:00</Time>
     <Position>
      <LatitudeDegrees>63.3259300</LatitudeDegrees>
      <LongitudeDegrees>18.3284700</LongitudeDegrees>
     </Position>
     <AltitudeMeters>123.22000000000001</AltitudeMeters>
     <DistanceMeters>4228.1021566652635</DistanceMeters>
    </Trackpoint>
    <Trackpoint>
     <Time>2026-07-22T14:56:05+00:00</Time>
     <Position>
      <LatitudeDegrees>63.3260600</LatitudeDegrees>
      <LongitudeDegrees>18.3282600</LongitudeDegrees>
     </Position>
     <AltitudeMeters>122.36000000000001</AltitudeMeters>
     <DistanceMeters>4245.974449236255</DistanceMeters>
    </Trackpoint>
    <Trackpoint>
     <Time>2026-07-22T14:56:16+00:00</Time>
     <Position>
      <LatitudeDegrees>63.3260600</LatitudeDegrees>
      <LongitudeDegrees>18.3282700</LongitudeDegrees>
     </Position>
     <AltitudeMeters>122.36000000000001</AltitudeMeters>
     <DistanceMeters>4245.974449236255</DistanceMeters>
    </Trackpoint>
    <Trackpoint>
     <Time>2026-07-22T14:56:27+00:00</Time>
     <Position>
      <LatitudeDegrees>63.3262300</LatitudeDegrees>
      <LongitudeDegrees>18.3280200</LongitudeDegrees>
     </Position>
     <AltitudeMeters>121.49000000000001</AltitudeMeters>
     <DistanceMeters>4268.645760023219</DistanceMeters>
    </Trackpoint>
    <Trackpoint>
     <Time>2026-07-22T14:56:38+00:00</Time>
     <Position>
      <LatitudeDegrees>63.3267900</LatitudeDegrees>
      <LongitudeDegrees>18.3274200</LongitudeDegrees>
     </Position>
     <AltitudeMeters>120.65</AltitudeMeters>
     <DistanceMeters>4337.805601378837</DistanceMeters>
    </Trackpoint>
    <Trackpoint>
     <Time>2026-07-22T14:56:49+00:00</Time>
     <Position>
      <LatitudeDegrees>63.3267900</LatitudeDegrees>
      <LongitudeDegrees>18.3274300</LongitudeDegrees>
     </Position>
     <AltitudeMeters>120.65</AltitudeMeters>
     <DistanceMeters>4337.805601378837</DistanceMeters>
    </Trackpoint>
    <Trackpoint>
     <Time>2026-07-22T14:57:00+00:00</Time>
     <Position>
      <LatitudeDegrees>63.3271900</LatitudeDegrees>
      <LongitudeDegrees>18.3270200</LongitudeDegrees>
     </Position>
     <AltitudeMeters>120.77000000000001</AltitudeMeters>
     <DistanceMeters>4386.810309870085</DistanceMeters>
    </Trackpoint>
    <Trackpoint>
     <Time>2026-07-22T14:57:10+00:00</Time>
     <Position>
      <LatitudeDegrees>63.3274300</LatitudeDegrees>
      <LongitudeDegrees>18.3266100</LongitudeDegrees>
     </Position>
     <AltitudeMeters>120.83</AltitudeMeters>
     <DistanceMeters>4420.47113503387</DistanceMeters>
    </Trackpoint>
    <Trackpoint>
     <Time>2026-07-22T14:57:21+00:00</Time>
     <Position>
      <LatitudeDegrees>63.3274300</LatitudeDegrees>
      <LongitudeDegrees>18.3266200</LongitudeDegrees>
     </Position>
     <AltitudeMeters>120.83</AltitudeMeters>
     <DistanceMeters>4420.47113503387</DistanceMeters>
    </Trackpoint>
    <Trackpoint>
     <Time>2026-07-22T14:57:32+00:00</Time>
     <Position>
      <LatitudeDegrees>63.3276800</LatitudeDegrees>
      <LongitudeDegrees>18.3261400</LongitudeDegrees>
     </Position>
     <AltitudeMeters>121.31000000000002</AltitudeMeters>
     <DistanceMeters>4457.203088273588</DistanceMeters>
    </Trackpoint>
    <Trackpoint>
     <Time>2026-07-22T14:57:43+00:00</Time>
     <Position>
      <LatitudeDegrees>63.3280000</LatitudeDegrees>
      <LongitudeDegrees>18.3262000</LongitudeDegrees>
     </Position>
     <AltitudeMeters>122.47000000000001</AltitudeMeters>
     <DistanceMeters>4492.943628285172</DistanceMeters>
    </Trackpoint>
    <Trackpoint>
     <Time>2026-07-22T14:57:54+00:00</Time>
     <Position>
      <LatitudeDegrees>63.3283400</LatitudeDegrees>
      <LongitudeDegrees>18.3262400</LongitudeDegrees>
     </Position>
     <AltitudeMeters>125.13000000000001</AltitudeMeters>
     <DistanceMeters>4530.836887968975</DistanceMeters>
    </Trackpoint>
    <Trackpoint>
     <Time>2026-07-22T14:58:05+00:00</Time>
     <Position>
      <LatitudeDegrees>63.3285500</LatitudeDegrees>
      <LongitudeDegrees>18.3263400</LongitudeDegrees>
     </Position>
     <AltitudeMeters>127.59</AltitudeMeters>
     <DistanceMeters>4554.736942970553</DistanceMeters>
    </Trackpoint>
    <Trackpoint>
     <Time>2026-07-22T14:58:15+00:00</Time>
     <Position>
      <LatitudeDegrees>63.3285400</LatitudeDegrees>
      <LongitudeDegrees>18.3263400</LongitudeDegrees>
     </Position>
     <AltitudeMeters>127.56</AltitudeMeters>
     <DistanceMeters>4554.736942970553</DistanceMeters>
    </Trackpoint>
    <Trackpoint>
     <Time>2026-07-22T14:58:26+00:00</Time>
     <Position>
      <LatitudeDegrees>63.3286200</LatitudeDegrees>
      <LongitudeDegrees>18.3263800</LongitudeDegrees>
     </Position>
     <AltitudeMeters>129.07999999999998</AltitudeMeters>
     <DistanceMeters>4563.8620889670165</DistanceMeters>
    </Trackpoint>
    <Trackpoint>
     <Time>2026-07-22T14:58:37+00:00</Time>
     <Position>
      <LatitudeDegrees>63.3288200</LatitudeDegrees>
      <LongitudeDegrees>18.3266700</LongitudeDegrees>
     </Position>
     <AltitudeMeters>133.13</AltitudeMeters>
     <DistanceMeters>4590.420725326273</DistanceMeters>
    </Trackpoint>
    <Trackpoint>
     <Time>2026-07-22T14:58:48+00:00</Time>
     <Position>
      <LatitudeDegrees>63.3289800</LatitudeDegrees>
      <LongitudeDegrees>18.3271500</LongitudeDegrees>
     </Position>
     <AltitudeMeters>134.45000000000002</AltitudeMeters>
     <DistanceMeters>4620.288975543095</DistanceMeters>
    </Trackpoint>
    <Trackpoint>
     <Time>2026-07-22T14:58:59+00:00</Time>
     <Position>
      <LatitudeDegrees>63.3289800</LatitudeDegrees>
      <LongitudeDegrees>18.3271400</LongitudeDegrees>
     </Position>
     <AltitudeMeters>134.43</AltitudeMeters>
     <DistanceMeters>4620.288975543095</DistanceMeters>
    </Trackpoint>
    <Trackpoint>
     <Time>2026-07-22T14:59:10+00:00</Time>
     <Position>
      <LatitudeDegrees>63.3293100</LatitudeDegrees>
      <LongitudeDegrees>18.3283100</LongitudeDegrees>
     </Position>
     <AltitudeMeters>143.52</AltitudeMeters>
     <DistanceMeters>4689.319672996326</DistanceMeters>
    </Trackpoint>
    <Trackpoint>
     <Time>2026-07-22T14:59:20+00:00</Time>
     <Position>
      <LatitudeDegrees>63.3294400</LatitudeDegrees>
      <LongitudeDegrees>18.3287100</LongitudeDegrees>
     </Position>
     <AltitudeMeters>145.21</AltitudeMeters>
     <DistanceMeters>4713.990232463521</DistanceMeters>
    </Trackpoint>
    <Trackpoint>
     <Time>2026-07-22T14:59:31+00:00</Time>
     <Position>
      <LatitudeDegrees>63.3294400</LatitudeDegrees>
      <LongitudeDegrees>18.3287000</LongitudeDegrees>
     </Position>
     <AltitudeMeters>145.25000000000003</AltitudeMeters>
     <DistanceMeters>4713.990232463521</DistanceMeters>
    </Trackpoint>
    <Trackpoint>
     <Time>2026-07-22T14:59:42+00:00</Time>
     <Position>
      <LatitudeDegrees>63.3295300</LatitudeDegrees>
      <LongitudeDegrees>18.3290500</LongitudeDegrees>
     </Position>
     <AltitudeMeters>146.72000000000003</AltitudeMeters>
     <DistanceMeters>4734.140786662694</DistanceMeters>
    </Trackpoint>
    <Trackpoint>
     <Time>2026-07-22T14:59:53+00:00</Time>
     <Position>
      <LatitudeDegrees>63.3295500</LatitudeDegrees>
      <LongitudeDegrees>18.3277300</LongitudeDegrees>
     </Position>
     <AltitudeMeters>145.81000000000003</AltitudeMeters>
     <DistanceMeters>4800.120257020098</DistanceMeters>
    </Trackpoint>
    <Trackpoint>
     <Time>2026-07-22T15:00:04+00:00</Time>
     <Position>
      <LatitudeDegrees>63.3294900</LatitudeDegrees>
      <LongitudeDegrees>18.3267700</LongitudeDegrees>
     </Position>
     <AltitudeMeters>145.39000000000001</AltitudeMeters>
     <DistanceMeters>4848.540724136861</DistanceMeters>
    </Trackpoint>
    <Trackpoint>
     <Time>2026-07-22T15:00:15+00:00</Time>
     <Position>
      <LatitudeDegrees>63.3294900</LatitudeDegrees>
      <LongitudeDegrees>18.3267600</LongitudeDegrees>
     </Position>
     <AltitudeMeters>145.39000000000001</AltitudeMeters>
     <DistanceMeters>4848.540724136861</DistanceMeters>
    </Trackpoint>
    <Trackpoint>
     <Time>2026-07-22T15:00:25+00:00</Time>
     <Position>
      <LatitudeDegrees>63.3294600</LatitudeDegrees>
      <LongitudeDegrees>18.3261400</LongitudeDegrees>
     </Position>
     <AltitudeMeters>145.14000000000001</AltitudeMeters>
     <DistanceMeters>4879.692956050012</DistanceMeters>
    </Trackpoint>
    <Trackpoint>
     <Time>2026-07-22T15:00:36+00:00</Time>
     <Position>
      <LatitudeDegrees>63.3294500</LatitudeDegrees>
      <LongitudeDegrees>18.3254100</LongitudeDegrees>
     </Position>
     <AltitudeMeters>144.63</AltitudeMeters>
     <DistanceMeters>4916.1779186453805</DistanceMeters>
    </Trackpoint>
    <Trackpoint>
     <Time>2026-07-22T15:00:47+00:00</Time>
     <Position>
      <LatitudeDegrees>63.3294500</LatitudeDegrees>
      <LongitudeDegrees>18.3254000</LongitudeDegrees>
     </Position>
     <AltitudeMeters>144.63</AltitudeMeters>
     <DistanceMeters>4916.1779186453805</DistanceMeters>
    </Trackpoint>
    <Trackpoint>
     <Time>2026-07-22T15:00:58+00:00</Time>
     <Position>
      <LatitudeDegrees>63.3294500</LatitudeDegrees>
      <LongitudeDegrees>18.3241500</LongitudeDegrees>
     </Position>
     <AltitudeMeters>143.39000000000001</AltitudeMeters>
     <DistanceMeters>4978.623106771781</DistanceMeters>
    </Trackpoint>
    <Trackpoint>
     <Time>2026-07-22T15:01:09+00:00</Time>
     <Position>
      <LatitudeDegrees>63.3294000</LatitudeDegrees>
      <LongitudeDegrees>18.3225600</LongitudeDegrees>
     </Position>
     <AltitudeMeters>143.15</AltitudeMeters>
     <DistanceMeters>5058.248147122875</DistanceMeters>
    </Trackpoint>
    <Trackpoint>
     <Time>2026-07-22T15:01:20+00:00</Time>
     <Position>
      <LatitudeDegrees>63.3293300</LatitudeDegrees>
      <LongitudeDegrees>18.3221400</LongitudeDegrees>
     </Position>
     <AltitudeMeters>143.25</AltitudeMeters>
     <DistanceMeters>5080.62948762985</DistanceMeters>
    </Trackpoint>
    <Trackpoint>
     <Time>2026-07-22T15:01:30+00:00</Time>
     <Position>
      <LatitudeDegrees>63.3293300</LatitudeDegrees>
      <LongitudeDegrees>18.3221300</LongitudeDegrees>
     </Position>
     <AltitudeMeters>143.26</AltitudeMeters>
     <DistanceMeters>5080.62948762985</DistanceMeters>
    </Trackpoint>
    <Trackpoint>
     <Time>2026-07-22T15:01:41+00:00</Time>
     <Position>
      <LatitudeDegrees>63.3292200</LatitudeDegrees>
      <LongitudeDegrees>18.3214500</LongitudeDegrees>
     </Position>
     <AltitudeMeters>143.93</AltitudeMeters>
     <DistanceMeters>5116.738582523646</DistanceMeters>
    </Trackpoint>
    <Trackpoint>
     <Time>2026-07-22T15:01:52+00:00</Time>
     <Position>
      <LatitudeDegrees>63.3288700</LatitudeDegrees>
      <LongitudeDegrees>18.3202100</LongitudeDegrees>
     </Position>
     <AltitudeMeters>143.74</AltitudeMeters>
     <DistanceMeters>5189.914691115393</DistanceMeters>
    </Trackpoint>
    <Trackpoint>
     <Time>2026-07-22T15:02:03+00:00</Time>
     <Position>
      <LatitudeDegrees>63.3284400</LatitudeDegrees>
      <LongitudeDegrees>18.3187000</LongitudeDegrees>
     </Position>
     <AltitudeMeters>144.03000000000003</AltitudeMeters>
     <DistanceMeters>5279.250443689157</DistanceMeters>
    </Trackpoint>
    <Trackpoint>
     <Time>2026-07-22T15:02:14+00:00</Time>
     <Position>
      <LatitudeDegrees>63.3284400</LatitudeDegrees>
      <LongitudeDegrees>18.3186900</LongitudeDegrees>
     </Position>
     <AltitudeMeters>144.02</AltitudeMeters>
     <DistanceMeters>5279.250443689157</DistanceMeters>
    </Trackpoint>
    <Trackpoint>
     <Time>2026-07-22T15:02:25+00:00</Time>
     <Position>
      <LatitudeDegrees>63.3282400</LatitudeDegrees>
      <LongitudeDegrees>18.3172500</LongitudeDegrees>
     </Position>
     <AltitudeMeters>142.02</AltitudeMeters>
     <DistanceMeters>5354.555023028305</DistanceMeters>
    </Trackpoint>
    <Trackpoint>
     <Time>2026-07-22T15:02:35+00:00</Time>
     <Position>
      <LatitudeDegrees>63.3281000</LatitudeDegrees>
      <LongitudeDegrees>18.3155800</LongitudeDegrees>
     </Position>
     <AltitudeMeters>139.1</AltitudeMeters>
     <DistanceMeters>5439.428017327729</DistanceMeters>
    </Trackpoint>
    <Trackpoint>
     <Time>2026-07-22T15:02:46+00:00</Time>
     <Position>
      <LatitudeDegrees>63.3281550</LatitudeDegrees>
      <LongitudeDegrees>18.3138250</LongitudeDegrees>
     </Position>
     <AltitudeMeters>135.66</AltitudeMeters>
     <DistanceMeters>5527.318421940694</DistanceMeters>
    </Trackpoint>
    <Trackpoint>
     <Time>2026-07-22T15:02:57+00:00</Time>
     <Position>
      <LatitudeDegrees>63.3282100</LatitudeDegrees>
      <LongitudeDegrees>18.3120700</LongitudeDegrees>
     </Position>
     <AltitudeMeters>132.55</AltitudeMeters>
     <DistanceMeters>5615.2088384669005</DistanceMeters>
    </Trackpoint>
    <Trackpoint>
     <Time>2026-07-22T15:03:08+00:00</Time>
     <Position>
      <LatitudeDegrees>63.3282500</LatitudeDegrees>
      <LongitudeDegrees>18.3109400</LongitudeDegrees>
     </Position>
     <AltitudeMeters>131.88</AltitudeMeters>
     <DistanceMeters>5671.8369432492</DistanceMeters>
    </Trackpoint>
    <Trackpoint>
     <Time>2026-07-22T15:03:19+00:00</Time>
     <Position>
      <LatitudeDegrees>63.3282750</LatitudeDegrees>
      <LongitudeDegrees>18.3093800</LongitudeDegrees>
     </Position>
     <AltitudeMeters>132.74</AltitudeMeters>
     <DistanceMeters>5749.821373730915</DistanceMeters>
    </Trackpoint>
    <Trackpoint>
     <Time>2026-07-22T15:03:29+00:00</Time>
     <Position>
      <LatitudeDegrees>63.3283000</LatitudeDegrees>
      <LongitudeDegrees>18.3078200</LongitudeDegrees>
     </Position>
     <AltitudeMeters>132.95000000000002</AltitudeMeters>
     <DistanceMeters>5827.805800276117</DistanceMeters>
    </Trackpoint>
    <Trackpoint>
     <Time>2026-07-22T15:03:40+00:00</Time>
     <Position>
      <LatitudeDegrees>63.3283200</LatitudeDegrees>
      <LongitudeDegrees>18.3066550</LongitudeDegrees>
     </Position>
     <AltitudeMeters>132.78</AltitudeMeters>
     <DistanceMeters>5886.0495277909495</DistanceMeters>
    </Trackpoint>
    <Trackpoint>
     <Time>2026-07-22T15:03:51+00:00</Time>
     <Position>
      <LatitudeDegrees>63.3283400</LatitudeDegrees>
      <LongitudeDegrees>18.3054900</LongitudeDegrees>
     </Position>
     <AltitudeMeters>132.58</AltitudeMeters>
     <DistanceMeters>5944.293300396611</DistanceMeters>
    </Trackpoint>
    <Trackpoint>
     <Time>2026-07-22T15:04:02+00:00</Time>
     <Position>
      <LatitudeDegrees>63.3283800</LatitudeDegrees>
      <LongitudeDegrees>18.3043500</LongitudeDegrees>
     </Position>
     <AltitudeMeters>132.10000000000002</AltitudeMeters>
     <DistanceMeters>6001.4191987119575</DistanceMeters>
    </Trackpoint>
    <Trackpoint>
     <Time>2026-07-22T15:04:13+00:00</Time>
     <Position>
      <LatitudeDegrees>63.3284300</LatitudeDegrees>
      <LongitudeDegrees>18.3028900</LongitudeDegrees>
     </Position>
     <AltitudeMeters>132.63</AltitudeMeters>
     <DistanceMeters>6074.569798707558</DistanceMeters>
    </Trackpoint>
    <Trackpoint>
     <Time>2026-07-22T15:04:24+00:00</Time>
     <Position>
      <LatitudeDegrees>63.3284300</LatitudeDegrees>
      <LongitudeDegrees>18.3013500</LongitudeDegrees>
     </Position>
     <AltitudeMeters>132.13</AltitudeMeters>
     <DistanceMeters>6151.504997063159</DistanceMeters>
    </Trackpoint>
    <Trackpoint>
     <Time>2026-07-22T15:04:34+00:00</Time>
     <Position>
      <LatitudeDegrees>63.3283800</LatitudeDegrees>
      <LongitudeDegrees>18.3008300</LongitudeDegrees>
     </Position>
     <AltitudeMeters>131.85000000000002</AltitudeMeters>
     <DistanceMeters>6178.072470709749</DistanceMeters>
    </Trackpoint>
    <Trackpoint>
     <Time>2026-07-22T15:04:45+00:00</Time>
     <Position>
      <LatitudeDegrees>63.3283800</LatitudeDegrees>
      <LongitudeDegrees>18.3008200</LongitudeDegrees>
     </Position>
     <AltitudeMeters>131.85000000000002</AltitudeMeters>
     <DistanceMeters>6178.072470709749</DistanceMeters>
    </Trackpoint>
    <Trackpoint>
     <Time>2026-07-22T15:04:56+00:00</Time>
     <Position>
      <LatitudeDegrees>63.3282550</LatitudeDegrees>
      <LongitudeDegrees>18.2994150</LongitudeDegrees>
     </Position>
     <AltitudeMeters>131.44</AltitudeMeters>
     <DistanceMeters>6249.629169997997</DistanceMeters>
    </Trackpoint>
    <Trackpoint>
     <Time>2026-07-22T15:05:07+00:00</Time>
     <Position>
      <LatitudeDegrees>63.3281300</LatitudeDegrees>
      <LongitudeDegrees>18.2980100</LongitudeDegrees>
     </Position>
     <AltitudeMeters>131.86</AltitudeMeters>
     <DistanceMeters>6321.18588082999</DistanceMeters>
    </Trackpoint>
    <Trackpoint>
     <Time>2026-07-22T15:05:18+00:00</Time>
     <Position>
      <LatitudeDegrees>63.3281300</LatitudeDegrees>
      <LongitudeDegrees>18.2980000</LongitudeDegrees>
     </Position>
     <AltitudeMeters>131.86</AltitudeMeters>
     <DistanceMeters>6321.18588082999</DistanceMeters>
    </Trackpoint>
    <Trackpoint>
     <Time>2026-07-22T15:05:29+00:00</Time>
     <Position>
      <LatitudeDegrees>63.3279950</LatitudeDegrees>
      <LongitudeDegrees>18.2964950</LongitudeDegrees>
     </Position>
     <AltitudeMeters>132.52</AltitudeMeters>
     <DistanceMeters>6397.8602245258335</DistanceMeters>
    </Trackpoint>
    <Trackpoint>
     <Time>2026-07-22T15:05:39+00:00</Time>
     <Position>
      <LatitudeDegrees>63.3278600</LatitudeDegrees>
      <LongitudeDegrees>18.2949900</LongitudeDegrees>
     </Position>
     <AltitudeMeters>134.14000000000001</AltitudeMeters>
     <DistanceMeters>6474.534562172485</DistanceMeters>
    </Trackpoint>
    <Trackpoint>
     <Time>2026-07-22T15:05:50+00:00</Time>
     <Position>
      <LatitudeDegrees>63.3278500</LatitudeDegrees>
      <LongitudeDegrees>18.2949900</LongitudeDegrees>
     </Position>
     <AltitudeMeters>134.14000000000001</AltitudeMeters>
     <DistanceMeters>6474.534562172485</DistanceMeters>
    </Trackpoint>
    <Trackpoint>
     <Time>2026-07-22T15:06:01+00:00</Time>
     <Position>
      <LatitudeDegrees>63.3277150</LatitudeDegrees>
      <LongitudeDegrees>18.2934800</LongitudeDegrees>
     </Position>
     <AltitudeMeters>136.38</AltitudeMeters>
     <DistanceMeters>6551.4545979200175</DistanceMeters>
    </Trackpoint>
    <Trackpoint>
     <Time>2026-07-22T15:06:12+00:00</Time>
     <Position>
      <LatitudeDegrees>63.3275800</LatitudeDegrees>
      <LongitudeDegrees>18.2919700</LongitudeDegrees>
     </Position>
     <AltitudeMeters>135.08</AltitudeMeters>
     <DistanceMeters>6628.374615124585</DistanceMeters>
    </Trackpoint>
    <Trackpoint>
     <Time>2026-07-22T15:06:23+00:00</Time>
     <Position>
      <LatitudeDegrees>63.3275800</LatitudeDegrees>
      <LongitudeDegrees>18.2919600</LongitudeDegrees>
     </Position>
     <AltitudeMeters>135.08</AltitudeMeters>
     <DistanceMeters>6628.374615124585</DistanceMeters>
    </Trackpoint>
    <Trackpoint>
     <Time>2026-07-22T15:06:34+00:00</Time>
     <Position>
      <LatitudeDegrees>63.3274600</LatitudeDegrees>
      <LongitudeDegrees>18.2905300</LongitudeDegrees>
     </Position>
     <AltitudeMeters>134.71</AltitudeMeters>
     <DistanceMeters>6701.054326958937</DistanceMeters>
    </Trackpoint>
    <Trackpoint>
     <Time>2026-07-22T15:06:44+00:00</Time>
     <Position>
      <LatitudeDegrees>63.3273050</LatitudeDegrees>
      <LongitudeDegrees>18.2895800</LongitudeDegrees>
     </Position>
     <AltitudeMeters>135.18</AltitudeMeters>
     <DistanceMeters>6751.554023057405</DistanceMeters>
    </Trackpoint>
    <Trackpoint>
     <Time>2026-07-22T15:06:55+00:00</Time>
     <Position>
      <LatitudeDegrees>63.3271500</LatitudeDegrees>
      <LongitudeDegrees>18.2886300</LongitudeDegrees>
     </Position>
     <AltitudeMeters>136.65</AltitudeMeters>
     <DistanceMeters>6802.053756783207</DistanceMeters>
    </Trackpoint>
    <Trackpoint>
     <Time>2026-07-22T15:07:06+00:00</Time>
     <Position>
      <LatitudeDegrees>63.3271500</LatitudeDegrees>
      <LongitudeDegrees>18.2886200</LongitudeDegrees>
     </Position>
     <AltitudeMeters>136.66</AltitudeMeters>
     <DistanceMeters>6802.053756783207</DistanceMeters>
    </Trackpoint>
    <Trackpoint>
     <Time>2026-07-22T15:07:17+00:00</Time>
     <Position>
      <LatitudeDegrees>63.3269750</LatitudeDegrees>
      <LongitudeDegrees>18.2875600</LongitudeDegrees>
     </Position>
     <AltitudeMeters>139.19</AltitudeMeters>
     <DistanceMeters>6858.479800525481</DistanceMeters>
    </Trackpoint>
    <Trackpoint>
     <Time>2026-07-22T15:07:28+00:00</Time>
     <Position>
      <LatitudeDegrees>63.3268000</LatitudeDegrees>
      <LongitudeDegrees>18.2865000</LongitudeDegrees>
     </Position>
     <AltitudeMeters>142.91</AltitudeMeters>
     <DistanceMeters>6914.905891655</DistanceMeters>
    </Trackpoint>
    <Trackpoint>
     <Time>2026-07-22T15:07:39+00:00</Time>
     <Position>
      <LatitudeDegrees>63.3268000</LatitudeDegrees>
      <LongitudeDegrees>18.2864900</LongitudeDegrees>
     </Position>
     <AltitudeMeters>142.93</AltitudeMeters>
     <DistanceMeters>6914.905891655</DistanceMeters>
    </Trackpoint>
    <Trackpoint>
     <Time>2026-07-22T15:07:49+00:00</Time>
     <Position>
      <LatitudeDegrees>63.3266450</LatitudeDegrees>
      <LongitudeDegrees>18.2855500</LongitudeDegrees>
     </Position>
     <AltitudeMeters>144.85</AltitudeMeters>
     <DistanceMeters>6964.937367811637</DistanceMeters>
    </Trackpoint>
    <Trackpoint>
     <Time>2026-07-22T15:08:00+00:00</Time>
     <Position>
      <LatitudeDegrees>63.3264900</LatitudeDegrees>
      <LongitudeDegrees>18.2846100</LongitudeDegrees>
     </Position>
     <AltitudeMeters>146.68</AltitudeMeters>
     <DistanceMeters>7014.968835042636</DistanceMeters>
    </Trackpoint>
    <Trackpoint>
     <Time>2026-07-22T15:08:11+00:00</Time>
     <Position>
      <LatitudeDegrees>63.3262000</LatitudeDegrees>
      <LongitudeDegrees>18.2831800</LongitudeDegrees>
     </Position>
     <AltitudeMeters>143.02</AltitudeMeters>
     <DistanceMeters>7093.365979152069</DistanceMeters>
    </Trackpoint>
    <Trackpoint>
     <Time>2026-07-22T15:08:22+00:00</Time>
     <Position>
      <LatitudeDegrees>63.3262000</LatitudeDegrees>
      <LongitudeDegrees>18.2831700</LongitudeDegrees>
     </Position>
     <AltitudeMeters>143.01</AltitudeMeters>
     <DistanceMeters>7093.365979152069</DistanceMeters>
    </Trackpoint>
    <Trackpoint>
     <Time>2026-07-22T15:08:33+00:00</Time>
     <Position>
      <LatitudeDegrees>63.3259500</LatitudeDegrees>
      <LongitudeDegrees>18.2819250</LongitudeDegrees>
     </Position>
     <AltitudeMeters>140.73000000000002</AltitudeMeters>
     <DistanceMeters>7161.508323016265</DistanceMeters>
    </Trackpoint>
    <Trackpoint>
     <Time>2026-07-22T15:08:44+00:00</Time>
     <Position>
      <LatitudeDegrees>63.3257000</LatitudeDegrees>
      <LongitudeDegrees>18.2806800</LongitudeDegrees>
     </Position>
     <AltitudeMeters>138.75</AltitudeMeters>
     <DistanceMeters>7229.650682891183</DistanceMeters>
    </Trackpoint>
    <Trackpoint>
     <Time>2026-07-22T15:08:54+00:00</Time>
     <Position>
      <LatitudeDegrees>63.3257000</LatitudeDegrees>
      <LongitudeDegrees>18.2806700</LongitudeDegrees>
     </Position>
     <AltitudeMeters>138.72</AltitudeMeters>
     <DistanceMeters>7229.650682891183</DistanceMeters>
    </Trackpoint>
    <Trackpoint>
     <Time>2026-07-22T15:09:05+00:00</Time>
     <Position>
      <LatitudeDegrees>63.3254300</LatitudeDegrees>
      <LongitudeDegrees>18.2792700</LongitudeDegrees>
     </Position>
     <AltitudeMeters>136.84</AltitudeMeters>
     <DistanceMeters>7305.780325000147</DistanceMeters>
    </Trackpoint>
    <Trackpoint>
     <Time>2026-07-22T15:09:16+00:00</Time>
     <Position>
      <LatitudeDegrees>63.3251000</LatitudeDegrees>
      <LongitudeDegrees>18.2781100</LongitudeDegrees>
     </Position>
     <AltitudeMeters>138.03</AltitudeMeters>
     <DistanceMeters>7374.39514548461</DistanceMeters>
    </Trackpoint>
    <Trackpoint>
     <Time>2026-07-22T15:09:27+00:00</Time>
     <Position>
      <LatitudeDegrees>63.3251000</LatitudeDegrees>
      <LongitudeDegrees>18.2781000</LongitudeDegrees>
     </Position>
     <AltitudeMeters>138.05</AltitudeMeters>
     <DistanceMeters>7374.39514548461</DistanceMeters>
    </Trackpoint>
    <Trackpoint>
     <Time>2026-07-22T15:09:38+00:00</Time>
     <Position>
      <LatitudeDegrees>63.3246700</LatitudeDegrees>
      <LongitudeDegrees>18.2769600</LongitudeDegrees>
     </Position>
     <AltitudeMeters>140.61</AltitudeMeters>
     <DistanceMeters>7448.790298724913</DistanceMeters>
    </Trackpoint>
    <Trackpoint>
     <Time>2026-07-22T15:09:49+00:00</Time>
     <Position>
      <LatitudeDegrees>63.3243700</LatitudeDegrees>
      <LongitudeDegrees>18.2759400</LongitudeDegrees>
     </Position>
     <AltitudeMeters>141.81</AltitudeMeters>
     <DistanceMeters>7509.7175917923205</DistanceMeters>
    </Trackpoint>
    <Trackpoint>
     <Time>2026-07-22T15:09:59+00:00</Time>
     <Position>
      <LatitudeDegrees>63.3241700</LatitudeDegrees>
      <LongitudeDegrees>18.2744300</LongitudeDegrees>
     </Position>
     <AltitudeMeters>138.38</AltitudeMeters>
     <DistanceMeters>7588.379996220779</DistanceMeters>
    </Trackpoint>
    <Trackpoint>
     <Time>2026-07-22T15:10:10+00:00</Time>
     <Position>
      <LatitudeDegrees>63.3241500</LatitudeDegrees>
      <LongitudeDegrees>18.2742300</LongitudeDegrees>
     </Position>
     <AltitudeMeters>137.96</AltitudeMeters>
     <DistanceMeters>7598.617968191689</DistanceMeters>
    </Trackpoint>
    <Trackpoint>
     <Time>2026-07-22T15:10:21+00:00</Time>
     <Position>
      <LatitudeDegrees>63.3241500</LatitudeDegrees>
      <LongitudeDegrees>18.2742200</LongitudeDegrees>
     </Position>
     <AltitudeMeters>137.95000000000002</AltitudeMeters>
     <DistanceMeters>7598.617968191689</DistanceMeters>
    </Trackpoint>
    <Trackpoint>
     <Time>2026-07-22T15:10:32+00:00</Time>
     <Position>
      <LatitudeDegrees>63.3240700</LatitudeDegrees>
      <LongitudeDegrees>18.2731550</LongitudeDegrees>
     </Position>
     <AltitudeMeters>136.83</AltitudeMeters>
     <DistanceMeters>7652.57098137484</DistanceMeters>
    </Trackpoint>
    <Trackpoint>
     <Time>2026-07-22T15:10:43+00:00</Time>
     <Position>
      <LatitudeDegrees>63.3239900</LatitudeDegrees>
      <LongitudeDegrees>18.2720900</LongitudeDegrees>
     </Position>
     <AltitudeMeters>135.66</AltitudeMeters>
     <DistanceMeters>7706.523937908942</DistanceMeters>
    </Trackpoint>
    <Trackpoint>
     <Time>2026-07-22T15:10:54+00:00</Time>
     <Position>
      <LatitudeDegrees>63.3239900</LatitudeDegrees>
      <LongitudeDegrees>18.2720800</LongitudeDegrees>
     </Position>
     <AltitudeMeters>135.64000000000001</AltitudeMeters>
     <DistanceMeters>7706.523937908942</DistanceMeters>
    </Trackpoint>
    <Trackpoint>
     <Time>2026-07-22T15:11:04+00:00</Time>
     <Position>
      <LatitudeDegrees>63.3238750</LatitudeDegrees>
      <LongitudeDegrees>18.2706250</LongitudeDegrees>
     </Position>
     <AltitudeMeters>132.59</AltitudeMeters>
     <DistanceMeters>7780.3422626794445</DistanceMeters>
    </Trackpoint>
    <Trackpoint>
     <Time>2026-07-22T15:11:15+00:00</Time>
     <Position>
      <LatitudeDegrees>63.3237600</LatitudeDegrees>
      <LongitudeDegrees>18.2691700</LongitudeDegrees>
     </Position>
     <AltitudeMeters>130.64000000000001</AltitudeMeters>
     <DistanceMeters>7854.160586723191</DistanceMeters>
    </Trackpoint>
    <Trackpoint>
     <Time>2026-07-22T15:11:26+00:00</Time>
     <Position>
      <LatitudeDegrees>63.3237600</LatitudeDegrees>
      <LongitudeDegrees>18.2691600</LongitudeDegrees>
     </Position>
     <AltitudeMeters>130.63000000000002</AltitudeMeters>
     <DistanceMeters>7854.160586723191</DistanceMeters>
    </Trackpoint>
    <Trackpoint>
     <Time>2026-07-22T15:11:37+00:00</Time>
     <Position>
      <LatitudeDegrees>63.3236200</LatitudeDegrees>
      <LongitudeDegrees>18.2676367</LongitudeDegrees>
     </Position>
     <AltitudeMeters>127.44</AltitudeMeters>
     <DistanceMeters>7931.854498188621</DistanceMeters>
    </Trackpoint>
    <Trackpoint>
     <Time>2026-07-22T15:11:48+00:00</Time>
     <Position>
      <LatitudeDegrees>63.3234800</LatitudeDegrees>
      <LongitudeDegrees>18.2661133</LongitudeDegrees>
     </Position>
     <AltitudeMeters>123.75000000000001</AltitudeMeters>
     <DistanceMeters>8009.5484096544005</DistanceMeters>
    </Trackpoint>
    <Trackpoint>
     <Time>2026-07-22T15:11:58+00:00</Time>
     <Position>
      <LatitudeDegrees>63.3233400</LatitudeDegrees>
      <LongitudeDegrees>18.2645900</LongitudeDegrees>
     </Position>
     <AltitudeMeters>121.54</AltitudeMeters>
     <DistanceMeters>8087.242334908662</DistanceMeters>
    </Trackpoint>
    <Trackpoint>
     <Time>2026-07-22T15:12:09+00:00</Time>
     <Position>
      <LatitudeDegrees>63.3233400</LatitudeDegrees>
      <LongitudeDegrees>18.2645800</LongitudeDegrees>
     </Position>
     <AltitudeMeters>121.53000000000002</AltitudeMeters>
     <DistanceMeters>8087.242334908662</DistanceMeters>
    </Trackpoint>
    <Trackpoint>
     <Time>2026-07-22T15:12:20+00:00</Time>
     <Position>
      <LatitudeDegrees>63.3231950</LatitudeDegrees>
      <LongitudeDegrees>18.2629350</LongitudeDegrees>
     </Position>
     <AltitudeMeters>120.19</AltitudeMeters>
     <DistanceMeters>8171.007291724188</DistanceMeters>
    </Trackpoint>
    <Trackpoint>
     <Time>2026-07-22T15:12:31+00:00</Time>
     <Position>
      <LatitudeDegrees>63.3230500</LatitudeDegrees>
      <LongitudeDegrees>18.2612900</LongitudeDegrees>
     </Position>
     <AltitudeMeters>119.89000000000001</AltitudeMeters>
     <DistanceMeters>8254.772255703228</DistanceMeters>
    </Trackpoint>
    <Trackpoint>
     <Time>2026-07-22T15:12:42+00:00</Time>
     <Position>
      <LatitudeDegrees>63.3230500</LatitudeDegrees>
      <LongitudeDegrees>18.2612800</LongitudeDegrees>
     </Position>
     <AltitudeMeters>119.89000000000001</AltitudeMeters>
     <DistanceMeters>8254.772255703228</DistanceMeters>
    </Trackpoint>
    <Trackpoint>
     <Time>2026-07-22T15:12:53+00:00</Time>
     <Position>
      <LatitudeDegrees>63.3229200</LatitudeDegrees>
      <LongitudeDegrees>18.2596500</LongitudeDegrees>
     </Position>
     <AltitudeMeters>119.66000000000001</AltitudeMeters>
     <DistanceMeters>8337.494197405156</DistanceMeters>
    </Trackpoint>
    <Trackpoint>
     <Time>2026-07-22T15:13:03+00:00</Time>
     <Position>
      <LatitudeDegrees>63.3222500</LatitudeDegrees>
      <LongitudeDegrees>18.2596700</LongitudeDegrees>
     </Position>
     <AltitudeMeters>120.51</AltitudeMeters>
     <DistanceMeters>8412.068999047233</DistanceMeters>
    </Trackpoint>
    <Trackpoint>
     <Time>2026-07-22T15:13:14+00:00</Time>
     <Position>
      <LatitudeDegrees>63.3220000</LatitudeDegrees>
      <LongitudeDegrees>18.2596600</LongitudeDegrees>
     </Position>
     <AltitudeMeters>120.62</AltitudeMeters>
     <DistanceMeters>8439.897405489928</DistanceMeters>
    </Trackpoint>
    <Trackpoint>
     <Time>2026-07-22T15:13:25+00:00</Time>
     <Position>
      <LatitudeDegrees>63.3214500</LatitudeDegrees>
      <LongitudeDegrees>18.2596700</LongitudeDegrees>
     </Position>
     <AltitudeMeters>119.98</AltitudeMeters>
     <DistanceMeters>8501.112068724775</DistanceMeters>
    </Trackpoint>
    <Trackpoint>
     <Time>2026-07-22T15:13:36+00:00</Time>
     <Position>
      <LatitudeDegrees>63.3214400</LatitudeDegrees>
      <LongitudeDegrees>18.2596700</LongitudeDegrees>
     </Position>
     <AltitudeMeters>119.98</AltitudeMeters>
     <DistanceMeters>8501.112068724775</DistanceMeters>
    </Trackpoint>
    <Trackpoint>
     <Time>2026-07-22T15:13:47+00:00</Time>
     <Position>
      <LatitudeDegrees>63.3211000</LatitudeDegrees>
      <LongitudeDegrees>18.2596300</LongitudeDegrees>
     </Position>
     <AltitudeMeters>119.43</AltitudeMeters>
     <DistanceMeters>8539.005353674518</DistanceMeters>
    </Trackpoint>
    <Trackpoint>
     <Time>2026-07-22T15:13:58+00:00</Time>
     <Position>
      <LatitudeDegrees>63.3207000</LatitudeDegrees>
      <LongitudeDegrees>18.2595600</LongitudeDegrees>
     </Position>
     <AltitudeMeters>118.88000000000001</AltitudeMeters>
     <DistanceMeters>8583.66083835162</DistanceMeters>
    </Trackpoint>
    <Trackpoint>
     <Time>2026-07-22T15:14:08+00:00</Time>
     <Position>
      <LatitudeDegrees>63.3205000</LatitudeDegrees>
      <LongitudeDegrees>18.2595000</LongitudeDegrees>
     </Position>
     <AltitudeMeters>118.89</AltitudeMeters>
     <DistanceMeters>8606.121000364259</DistanceMeters>
    </Trackpoint>
    <Trackpoint>
     <Time>2026-07-22T15:14:19+00:00</Time>
     <Position>
      <LatitudeDegrees>63.3204900</LatitudeDegrees>
      <LongitudeDegrees>18.2595000</LongitudeDegrees>
     </Position>
     <AltitudeMeters>118.89</AltitudeMeters>
     <DistanceMeters>8606.121000364259</DistanceMeters>
    </Trackpoint>
    <Trackpoint>
     <Time>2026-07-22T15:14:30+00:00</Time>
     <Position>
      <LatitudeDegrees>63.3200300</LatitudeDegrees>
      <LongitudeDegrees>18.2593750</LongitudeDegrees>
     </Position>
     <AltitudeMeters>119.0</AltitudeMeters>
     <DistanceMeters>8657.69670390169</DistanceMeters>
    </Trackpoint>
    <Trackpoint>
     <Time>2026-07-22T15:14:41+00:00</Time>
     <Position>
      <LatitudeDegrees>63.3195700</LatitudeDegrees>
      <LongitudeDegrees>18.2592500</LongitudeDegrees>
     </Position>
     <AltitudeMeters>119.22</AltitudeMeters>
     <DistanceMeters>8709.27236962351</DistanceMeters>
    </Trackpoint>
    <Trackpoint>
     <Time>2026-07-22T15:14:52+00:00</Time>
     <Position>
      <LatitudeDegrees>63.3193800</LatitudeDegrees>
      <LongitudeDegrees>18.2592100</LongitudeDegrees>
     </Position>
     <AltitudeMeters>119.46000000000001</AltitudeMeters>
     <DistanceMeters>8730.512817964003</DistanceMeters>
    </Trackpoint>
    <Trackpoint>
     <Time>2026-07-22T15:15:03+00:00</Time>
     <Position>
      <LatitudeDegrees>63.3193300</LatitudeDegrees>
      <LongitudeDegrees>18.2596500</LongitudeDegrees>
     </Position>
     <AltitudeMeters>119.12</AltitudeMeters>
     <DistanceMeters>8753.194468191967</DistanceMeters>
    </Trackpoint>
    <Trackpoint>
     <Time>2026-07-22T15:15:13+00:00</Time>
     <Position>
      <LatitudeDegrees>63.3192900</LatitudeDegrees>
      <LongitudeDegrees>18.2597700</LongitudeDegrees>
     </Position>
     <AltitudeMeters>119.13000000000001</AltitudeMeters>
     <DistanceMeters>8760.663134486163</DistanceMeters>
    </Trackpoint>
    <Trackpoint>
     <Time>2026-07-22T15:15:24+00:00</Time>
     <Position>
      <LatitudeDegrees>63.3190200</LatitudeDegrees>
      <LongitudeDegrees>18.2605900</LongitudeDegrees>
     </Position>
     <AltitudeMeters>119.76</AltitudeMeters>
     <DistanceMeters>8811.478939440498</DistanceMeters>
    </Trackpoint>
    <Trackpoint>
     <Time>2026-07-22T15:15:35+00:00</Time>
     <Position>
      <LatitudeDegrees>63.3189200</LatitudeDegrees>
      <LongitudeDegrees>18.2607700</LongitudeDegrees>
     </Position>
     <AltitudeMeters>119.95000000000002</AltitudeMeters>
     <DistanceMeters>8825.789221349938</DistanceMeters>
    </Trackpoint>
    <Trackpoint>
     <Time>2026-07-22T15:15:46+00:00</Time>
     <Position>
      <LatitudeDegrees>63.3189200</LatitudeDegrees>
      <LongitudeDegrees>18.2607800</LongitudeDegrees>
     </Position>
     <AltitudeMeters>119.96000000000001</AltitudeMeters>
     <DistanceMeters>8825.789221349938</DistanceMeters>
    </Trackpoint>
    <Trackpoint>
     <Time>2026-07-22T15:15:57+00:00</Time>
     <Position>
      <LatitudeDegrees>63.3184200</LatitudeDegrees>
      <LongitudeDegrees>18.2617800</LongitudeDegrees>
     </Position>
     <AltitudeMeters>125.04</AltitudeMeters>
     <DistanceMeters>8900.583397945395</DistanceMeters>
    </Trackpoint>
    <Trackpoint>
     <Time>2026-07-22T15:16:08+00:00</Time>
     <Position>
      <LatitudeDegrees>63.3177900</LatitudeDegrees>
      <LongitudeDegrees>18.2628700</LongitudeDegrees>
     </Position>
     <AltitudeMeters>135.42000000000002</AltitudeMeters>
     <DistanceMeters>8989.373447784503</DistanceMeters>
    </Trackpoint>
    <Trackpoint>
     <Time>2026-07-22T15:16:18+00:00</Time>
     <Position>
      <LatitudeDegrees>63.3175400</LatitudeDegrees>
      <LongitudeDegrees>18.2633700</LongitudeDegrees>
     </Position>
     <AltitudeMeters>138.58</AltitudeMeters>
     <DistanceMeters>9026.77111882989</DistanceMeters>
    </Trackpoint>
    <Trackpoint>
     <Time>2026-07-22T15:16:29+00:00</Time>
     <Position>
      <LatitudeDegrees>63.3175400</LatitudeDegrees>
      <LongitudeDegrees>18.2633800</LongitudeDegrees>
     </Position>
     <AltitudeMeters>138.58</AltitudeMeters>
     <DistanceMeters>9026.77111882989</DistanceMeters>
    </Trackpoint>
    <Trackpoint>
     <Time>2026-07-22T15:16:40+00:00</Time>
     <Position>
      <LatitudeDegrees>63.3174800</LatitudeDegrees>
      <LongitudeDegrees>18.2635200</LongitudeDegrees>
     </Position>
     <AltitudeMeters>138.94</AltitudeMeters>
     <DistanceMeters>9036.443083831611</DistanceMeters>
    </Trackpoint>
    <Trackpoint>
     <Time>2026-07-22T15:16:51+00:00</Time>
     <Position>
      <LatitudeDegrees>63.3173300</LatitudeDegrees>
      <LongitudeDegrees>18.2643200</LongitudeDegrees>
     </Position>
     <AltitudeMeters>139.89000000000001</AltitudeMeters>
     <DistanceMeters>9079.770135178316</DistanceMeters>
    </Trackpoint>
    <Trackpoint>
     <Time>2026-07-22T15:17:02+00:00</Time>
     <Position>
      <LatitudeDegrees>63.3172000</LatitudeDegrees>
      <LongitudeDegrees>18.2658900</LongitudeDegrees>
     </Position>
     <AltitudeMeters>144.69</AltitudeMeters>
     <DistanceMeters>9159.557300065526</DistanceMeters>
    </Trackpoint>
    <Trackpoint>
     <Time>2026-07-22T15:17:13+00:00</Time>
     <Position>
      <LatitudeDegrees>63.3171300</LatitudeDegrees>
      <LongitudeDegrees>18.2661400</LongitudeDegrees>
     </Position>
     <AltitudeMeters>145.46</AltitudeMeters>
     <DistanceMeters>9174.281572903801</DistanceMeters>
    </Trackpoint>
    <Trackpoint>
     <Time>2026-07-22T15:17:23+00:00</Time>
     <Position>
      <LatitudeDegrees>63.3171300</LatitudeDegrees>
      <LongitudeDegrees>18.2661500</LongitudeDegrees>
     </Position>
     <AltitudeMeters>145.46</AltitudeMeters>
     <DistanceMeters>9174.281572903801</DistanceMeters>
    </Trackpoint>
    <Trackpoint>
     <Time>2026-07-22T15:17:34+00:00</Time>
     <Position>
      <LatitudeDegrees>63.3171200</LatitudeDegrees>
      <LongitudeDegrees>18.2662300</LongitudeDegrees>
     </Position>
     <AltitudeMeters>145.62</AltitudeMeters>
     <DistanceMeters>9178.43179020316</DistanceMeters>
    </Trackpoint>
    <Trackpoint>
     <Time>2026-07-22T15:17:45+00:00</Time>
     <Position>
      <LatitudeDegrees>63.3170100</LatitudeDegrees>
      <LongitudeDegrees>18.2664600</LongitudeDegrees>
     </Position>
     <AltitudeMeters>146.07</AltitudeMeters>
     <DistanceMeters>9195.22497906774</DistanceMeters>
    </Trackpoint>
    <Trackpoint>
     <Time>2026-07-22T15:17:56+00:00</Time>
     <Position>
      <LatitudeDegrees>63.3165700</LatitudeDegrees>
      <LongitudeDegrees>18.2671900</LongitudeDegrees>
     </Position>
     <AltitudeMeters>146.18</AltitudeMeters>
     <DistanceMeters>9256.291787583283</DistanceMeters>
    </Trackpoint>
    <Trackpoint>
     <Time>2026-07-22T15:18:07+00:00</Time>
     <Position>
      <LatitudeDegrees>63.3164900</LatitudeDegrees>
      <LongitudeDegrees>18.2673300</LongitudeDegrees>
     </Position>
     <AltitudeMeters>146.52</AltitudeMeters>
     <DistanceMeters>9267.615792104978</DistanceMeters>
    </Trackpoint>
    <Trackpoint>
     <Time>2026-07-22T15:18:18+00:00</Time>
     <Position>
      <LatitudeDegrees>63.3161500</LatitudeDegrees>
      <LongitudeDegrees>18.2681700</LongitudeDegrees>
     </Position>
     <AltitudeMeters>147.58</AltitudeMeters>
     <DistanceMeters>9324.13499348301</DistanceMeters>
    </Trackpoint>
    <Trackpoint>
     <Time>2026-07-22T15:18:28+00:00</Time>
     <Position>
      <LatitudeDegrees>63.3160400</LatitudeDegrees>
      <LongitudeDegrees>18.2683800</LongitudeDegrees>
     </Position>
     <AltitudeMeters>147.17000000000002</AltitudeMeters>
     <DistanceMeters>9340.260695932335</DistanceMeters>
    </Trackpoint>
    <Trackpoint>
     <Time>2026-07-22T15:18:39+00:00</Time>
     <Position>
      <LatitudeDegrees>63.3159200</LatitudeDegrees>
      <LongitudeDegrees>18.2688000</LongitudeDegrees>
     </Position>
     <AltitudeMeters>146.87</AltitudeMeters>
     <DistanceMeters>9365.140564831241</DistanceMeters>
    </Trackpoint>
    <Trackpoint>
     <Time>2026-07-22T15:18:50+00:00</Time>
     <Position>
      <LatitudeDegrees>63.3158800</LatitudeDegrees>
      <LongitudeDegrees>18.2693000</LongitudeDegrees>
     </Position>
     <AltitudeMeters>147.9</AltitudeMeters>
     <DistanceMeters>9390.52383882629</DistanceMeters>
    </Trackpoint>
    <Trackpoint>
     <Time>2026-07-22T15:19:01+00:00</Time>
     <Position>
      <LatitudeDegrees>63.3159300</LatitudeDegrees>
      <LongitudeDegrees>18.2699700</LongitudeDegrees>
     </Position>
     <AltitudeMeters>149.12</AltitudeMeters>
     <DistanceMeters>9424.469441891773</DistanceMeters>
    </Trackpoint>
    <Trackpoint>
     <Time>2026-07-22T15:19:12+00:00</Time>
     <Position>
      <LatitudeDegrees>63.3159200</LatitudeDegrees>
      <LongitudeDegrees>18.2703200</LongitudeDegrees>
     </Position>
     <AltitudeMeters>149.12</AltitudeMeters>
     <DistanceMeters>9441.99768024965</DistanceMeters>
    </Trackpoint>
    <Trackpoint>
     <Time>2026-07-22T15:19:23+00:00</Time>
     <Position>
      <LatitudeDegrees>63.3157800</LatitudeDegrees>
      <LongitudeDegrees>18.2709800</LongitudeDegrees>
     </Position>
     <AltitudeMeters>148.9</AltitudeMeters>
     <DistanceMeters>9478.479158059807</DistanceMeters>
    </Trackpoint>
    <Trackpoint>
     <Time>2026-07-22T15:19:33+00:00</Time>
     <Position>
      <LatitudeDegrees>63.3155900</LatitudeDegrees>
      <LongitudeDegrees>18.2718100</LongitudeDegrees>
     </Position>
     <AltitudeMeters>149.61</AltitudeMeters>
     <DistanceMeters>9525.041334584768</DistanceMeters>
    </Trackpoint>
    <Trackpoint>
     <Time>2026-07-22T15:19:44+00:00</Time>
     <Position>
      <LatitudeDegrees>63.3154900</LatitudeDegrees>
      <LongitudeDegrees>18.2725900</LongitudeDegrees>
     </Position>
     <AltitudeMeters>150.57</AltitudeMeters>
     <DistanceMeters>9565.58351764171</DistanceMeters>
    </Trackpoint>
    <Trackpoint>
     <Time>2026-07-22T15:19:55+00:00</Time>
     <Position>
      <LatitudeDegrees>63.3155000</LatitudeDegrees>
      <LongitudeDegrees>18.2732100</LongitudeDegrees>
     </Position>
     <AltitudeMeters>151.76</AltitudeMeters>
     <DistanceMeters>9596.591328355296</DistanceMeters>
    </Trackpoint>
    <Trackpoint>
     <Time>2026-07-22T15:20:06+00:00</Time>
     <Position>
      <LatitudeDegrees>63.3155000</LatitudeDegrees>
      <LongitudeDegrees>18.2732000</LongitudeDegrees>
     </Position>
     <AltitudeMeters>151.75000000000003</AltitudeMeters>
     <DistanceMeters>9596.591328355296</DistanceMeters>
    </Trackpoint>
    <Trackpoint>
     <Time>2026-07-22T15:20:17+00:00</Time>
     <Position>
      <LatitudeDegrees>63.3155300</LatitudeDegrees>
      <LongitudeDegrees>18.2742000</LongitudeDegrees>
     </Position>
     <AltitudeMeters>153.62</AltitudeMeters>
     <DistanceMeters>9646.683066026786</DistanceMeters>
    </Trackpoint>
    <Trackpoint>
     <Time>2026-07-22T15:20:28+00:00</Time>
     <Position>
      <LatitudeDegrees>63.3155000</LatitudeDegrees>
      <LongitudeDegrees>18.2749300</LongitudeDegrees>
     </Position>
     <AltitudeMeters>153.38000000000002</AltitudeMeters>
     <DistanceMeters>9683.321166987333</DistanceMeters>
    </Trackpoint>
    <Trackpoint>
     <Time>2026-07-22T15:20:38+00:00</Time>
     <Position>
      <LatitudeDegrees>63.3153850</LatitudeDegrees>
      <LongitudeDegrees>18.2759650</LongitudeDegrees>
     </Position>
     <AltitudeMeters>153.50000000000003</AltitudeMeters>
     <DistanceMeters>9736.610889368316</DistanceMeters>
    </Trackpoint>
    <Trackpoint>
     <Time>2026-07-22T15:20:49+00:00</Time>
     <Position>
      <LatitudeDegrees>63.3152700</LatitudeDegrees>
      <LongitudeDegrees>18.2770000</LongitudeDegrees>
     </Position>
     <AltitudeMeters>152.84</AltitudeMeters>
     <DistanceMeters>9789.90062559992</DistanceMeters>
    </Trackpoint>
    <Trackpoint>
     <Time>2026-07-22T15:21:00+00:00</Time>
     <Position>
      <LatitudeDegrees>63.3152300</LatitudeDegrees>
      <LongitudeDegrees>18.2774000</LongitudeDegrees>
     </Position>
     <AltitudeMeters>152.08</AltitudeMeters>
     <DistanceMeters>9810.382607477868</DistanceMeters>
    </Trackpoint>
    <Trackpoint>
     <Time>2026-07-22T15:21:11+00:00</Time>
     <Position>
      <LatitudeDegrees>63.3152000</LatitudeDegrees>
      <LongitudeDegrees>18.2781200</LongitudeDegrees>
     </Position>
     <AltitudeMeters>151.39000000000001</AltitudeMeters>
     <DistanceMeters>9846.523386779374</DistanceMeters>
    </Trackpoint>
    <Trackpoint>
     <Time>2026-07-22T15:21:22+00:00</Time>
     <Position>
      <LatitudeDegrees>63.3152200</LatitudeDegrees>
      <LongitudeDegrees>18.2797400</LongitudeDegrees>
     </Position>
     <AltitudeMeters>152.55</AltitudeMeters>
     <DistanceMeters>9927.522981379085</DistanceMeters>
    </Trackpoint>
    <Trackpoint>
     <Time>2026-07-22T15:21:32+00:00</Time>
     <Position>
      <LatitudeDegrees>63.3151700</LatitudeDegrees>
      <LongitudeDegrees>18.2808600</LongitudeDegrees>
     </Position>
     <AltitudeMeters>153.61</AltitudeMeters>
     <DistanceMeters>9983.777496496059</DistanceMeters>
    </Trackpoint>
    <Trackpoint>
     <Time>2026-07-22T15:21:43+00:00</Time>
     <Position>
      <LatitudeDegrees>63.3151500</LatitudeDegrees>
      <LongitudeDegrees>18.2815400</LongitudeDegrees>
     </Position>
     <AltitudeMeters>153.11</AltitudeMeters>
     <DistanceMeters>10017.83735778244</DistanceMeters>
    </Trackpoint>
    <Trackpoint>
     <Time>2026-07-22T15:21:54+00:00</Time>
     <Position>
      <LatitudeDegrees>63.3151500</LatitudeDegrees>
      <LongitudeDegrees>18.2820300</LongitudeDegrees>
     </Position>
     <AltitudeMeters>152.13000000000002</AltitudeMeters>
     <DistanceMeters>10042.328033522424</DistanceMeters>
    </Trackpoint>
    <Trackpoint>
     <Time>2026-07-22T15:22:05+00:00</Time>
     <Position>
      <LatitudeDegrees>63.3152500</LatitudeDegrees>
      <LongitudeDegrees>18.2832000</LongitudeDegrees>
     </Position>
     <AltitudeMeters>151.87</AltitudeMeters>
     <DistanceMeters>10101.855346664091</DistanceMeters>
    </Trackpoint>
    <Trackpoint>
     <Time>2026-07-22T15:22:16+00:00</Time>
     <Position>
      <LatitudeDegrees>63.3153400</LatitudeDegrees>
      <LongitudeDegrees>18.2839800</LongitudeDegrees>
     </Position>
     <AltitudeMeters>149.58</AltitudeMeters>
     <DistanceMeters>10142.106553895203</DistanceMeters>
    </Trackpoint>
    <Trackpoint>
     <Time>2026-07-22T15:22:27+00:00</Time>
     <Position>
      <LatitudeDegrees>63.3153400</LatitudeDegrees>
      <LongitudeDegrees>18.2839700</LongitudeDegrees>
     </Position>
     <AltitudeMeters>149.6</AltitudeMeters>
     <DistanceMeters>10142.106553895203</DistanceMeters>
    </Trackpoint>
    <Trackpoint>
     <Time>2026-07-22T15:22:37+00:00</Time>
     <Position>
      <LatitudeDegrees>63.3155800</LatitudeDegrees>
      <LongitudeDegrees>18.2854200</LongitudeDegrees>
     </Position>
     <AltitudeMeters>145.55</AltitudeMeters>
     <DistanceMeters>10219.343930618328</DistanceMeters>
    </Trackpoint>
    <Trackpoint>
     <Time>2026-07-22T15:22:48+00:00</Time>
     <Position>
      <LatitudeDegrees>63.3157200</LatitudeDegrees>
      <LongitudeDegrees>18.2865400</LongitudeDegrees>
     </Position>
     <AltitudeMeters>139.87000000000003</AltitudeMeters>
     <DistanceMeters>10277.449735009739</DistanceMeters>
    </Trackpoint>
    <Trackpoint>
     <Time>2026-07-22T15:22:59+00:00</Time>
     <Position>
      <LatitudeDegrees>63.3157400</LatitudeDegrees>
      <LongitudeDegrees>18.2867800</LongitudeDegrees>
     </Position>
     <AltitudeMeters>140.03</AltitudeMeters>
     <DistanceMeters>10289.64970667142</DistanceMeters>
    </Trackpoint>
    <Trackpoint>
     <Time>2026-07-22T15:23:10+00:00</Time>
     <Position>
      <LatitudeDegrees>63.3157400</LatitudeDegrees>
      <LongitudeDegrees>18.2867700</LongitudeDegrees>
     </Position>
     <AltitudeMeters>140.03</AltitudeMeters>
     <DistanceMeters>10289.64970667142</DistanceMeters>
    </Trackpoint>
    <Trackpoint>
     <Time>2026-07-22T15:23:21+00:00</Time>
     <Position>
      <LatitudeDegrees>63.3158200</LatitudeDegrees>
      <LongitudeDegrees>18.2884000</LongitudeDegrees>
     </Position>
     <AltitudeMeters>137.98000000000002</AltitudeMeters>
     <DistanceMeters>10371.602008553184</DistanceMeters>
    </Trackpoint>
    <Trackpoint>
     <Time>2026-07-22T15:23:32+00:00</Time>
     <Position>
      <LatitudeDegrees>63.3157700</LatitudeDegrees>
      <LongitudeDegrees>18.2894300</LongitudeDegrees>
     </Position>
     <AltitudeMeters>140.24</AltitudeMeters>
     <DistanceMeters>10423.381151950824</DistanceMeters>
    </Trackpoint>
    <Trackpoint>
     <Time>2026-07-22T15:23:42+00:00</Time>
     <Position>
      <LatitudeDegrees>63.3157100</LatitudeDegrees>
      <LongitudeDegrees>18.2901600</LongitudeDegrees>
     </Position>
     <AltitudeMeters>142.15</AltitudeMeters>
     <DistanceMeters>10460.472576922124</DistanceMeters>
    </Trackpoint>
    <Trackpoint>
     <Time>2026-07-22T15:23:53+00:00</Time>
     <Position>
      <LatitudeDegrees>63.3156900</LatitudeDegrees>
      <LongitudeDegrees>18.2904100</LongitudeDegrees>
     </Position>
     <AltitudeMeters>142.94</AltitudeMeters>
     <DistanceMeters>10473.164299354323</DistanceMeters>
    </Trackpoint>
    <Trackpoint>
     <Time>2026-07-22T15:24:04+00:00</Time>
     <Position>
      <LatitudeDegrees>63.3156750</LatitudeDegrees>
      <LongitudeDegrees>18.2914750</LongitudeDegrees>
     </Position>
     <AltitudeMeters>144.33</AltitudeMeters>
     <DistanceMeters>10526.419234205545</DistanceMeters>
    </Trackpoint>
    <Trackpoint>
     <Time>2026-07-22T15:24:15+00:00</Time>
     <Position>
      <LatitudeDegrees>63.3156600</LatitudeDegrees>
      <LongitudeDegrees>18.2925400</LongitudeDegrees>
     </Position>
     <AltitudeMeters>143.9</AltitudeMeters>
     <DistanceMeters>10579.674172842955</DistanceMeters>
    </Trackpoint>
    <Trackpoint>
     <Time>2026-07-22T15:24:26+00:00</Time>
     <Position>
      <LatitudeDegrees>63.3155500</LatitudeDegrees>
      <LongitudeDegrees>18.2936100</LongitudeDegrees>
     </Position>
     <AltitudeMeters>143.58</AltitudeMeters>
     <DistanceMeters>10634.536371194488</DistanceMeters>
    </Trackpoint>
    <Trackpoint>
     <Time>2026-07-22T15:24:37+00:00</Time>
     <Position>
      <LatitudeDegrees>63.3153300</LatitudeDegrees>
      <LongitudeDegrees>18.2946100</LongitudeDegrees>
     </Position>
     <AltitudeMeters>142.89000000000001</AltitudeMeters>
     <DistanceMeters>10690.192141670046</DistanceMeters>
    </Trackpoint>
    <Trackpoint>
     <Time>2026-07-22T15:24:47+00:00</Time>
     <Position>
      <LatitudeDegrees>63.3150700</LatitudeDegrees>
      <LongitudeDegrees>18.2955300</LongitudeDegrees>
     </Position>
     <AltitudeMeters>143.17000000000002</AltitudeMeters>
     <DistanceMeters>10744.52192329685</DistanceMeters>
    </Trackpoint>
    <Trackpoint>
     <Time>2026-07-22T15:24:58+00:00</Time>
     <Position>
      <LatitudeDegrees>63.3148200</LatitudeDegrees>
      <LongitudeDegrees>18.2964500</LongitudeDegrees>
     </Position>
     <AltitudeMeters>143.86</AltitudeMeters>
     <DistanceMeters>10798.267530584768</DistanceMeters>
    </Trackpoint>
    <Trackpoint>
     <Time>2026-07-22T15:25:09+00:00</Time>
     <Position>
      <LatitudeDegrees>63.3144100</LatitudeDegrees>
      <LongitudeDegrees>18.2976650</LongitudeDegrees>
     </Position>
     <AltitudeMeters>144.53000000000003</AltitudeMeters>
     <DistanceMeters>10874.229051507016</DistanceMeters>
    </Trackpoint>
    <Trackpoint>
     <Time>2026-07-22T15:25:20+00:00</Time>
     <Position>
      <LatitudeDegrees>63.3140000</LatitudeDegrees>
      <LongitudeDegrees>18.2988800</LongitudeDegrees>
     </Position>
     <AltitudeMeters>146.74</AltitudeMeters>
     <DistanceMeters>10950.190569743034</DistanceMeters>
    </Trackpoint>
    <Trackpoint>
     <Time>2026-07-22T15:25:31+00:00</Time>
     <Position>
      <LatitudeDegrees>63.3138100</LatitudeDegrees>
      <LongitudeDegrees>18.2994600</LongitudeDegrees>
     </Position>
     <AltitudeMeters>147.24</AltitudeMeters>
     <DistanceMeters>10986.073623347227</DistanceMeters>
    </Trackpoint>
    <Trackpoint>
     <Time>2026-07-22T15:25:42+00:00</Time>
     <Position>
      <LatitudeDegrees>63.3134450</LatitudeDegrees>
      <LongitudeDegrees>18.3006850</LongitudeDegrees>
     </Position>
     <AltitudeMeters>145.01</AltitudeMeters>
     <DistanceMeters>11059.554045426152</DistanceMeters>
    </Trackpoint>
    <Trackpoint>
     <Time>2026-07-22T15:25:52+00:00</Time>
     <Position>
      <LatitudeDegrees>63.3130800</LatitudeDegrees>
      <LongitudeDegrees>18.3019100</LongitudeDegrees>
     </Position>
     <AltitudeMeters>143.38</AltitudeMeters>
     <DistanceMeters>11133.034478840756</DistanceMeters>
    </Trackpoint>
    <Trackpoint>
     <Time>2026-07-22T15:26:03+00:00</Time>
     <Position>
      <LatitudeDegrees>63.3130100</LatitudeDegrees>
      <LongitudeDegrees>18.3021500</LongitudeDegrees>
     </Position>
     <AltitudeMeters>142.89000000000001</AltitudeMeters>
     <DistanceMeters>11147.338548816791</DistanceMeters>
    </Trackpoint>
    <Trackpoint>
     <Time>2026-07-22T15:26:14+00:00</Time>
     <Position>
      <LatitudeDegrees>63.3127050</LatitudeDegrees>
      <LongitudeDegrees>18.3038150</LongitudeDegrees>
     </Position>
     <AltitudeMeters>139.89000000000001</AltitudeMeters>
     <DistanceMeters>11237.220353230781</DistanceMeters>
    </Trackpoint>
    <Trackpoint>
     <Time>2026-07-22T15:26:25+00:00</Time>
     <Position>
      <LatitudeDegrees>63.3124000</LatitudeDegrees>
      <LongitudeDegrees>18.3054800</LongitudeDegrees>
     </Position>
     <AltitudeMeters>138.17000000000002</AltitudeMeters>
     <DistanceMeters>11327.102166793064</DistanceMeters>
    </Trackpoint>
    <Trackpoint>
     <Time>2026-07-22T15:26:36+00:00</Time>
     <Position>
      <LatitudeDegrees>63.3121500</LatitudeDegrees>
      <LongitudeDegrees>18.3067400</LongitudeDegrees>
     </Position>
     <AltitudeMeters>138.43</AltitudeMeters>
     <DistanceMeters>11395.956914599898</DistanceMeters>
    </Trackpoint>
    <Trackpoint>
     <Time>2026-07-22T15:26:47+00:00</Time>
     <Position>
      <LatitudeDegrees>63.3119000</LatitudeDegrees>
      <LongitudeDegrees>18.3080000</LongitudeDegrees>
     </Position>
     <AltitudeMeters>136.93000000000004</AltitudeMeters>
     <DistanceMeters>11464.811663510487</DistanceMeters>
    </Trackpoint>
    <Trackpoint>
     <Time>2026-07-22T15:26:57+00:00</Time>
     <Position>
      <LatitudeDegrees>63.3116167</LatitudeDegrees>
      <LongitudeDegrees>18.3094700</LongitudeDegrees>
     </Position>
     <AltitudeMeters>130.93</AltitudeMeters>
     <DistanceMeters>11544.773506288371</DistanceMeters>
    </Trackpoint>
    <Trackpoint>
     <Time>2026-07-22T15:27:08+00:00</Time>
     <Position>
      <LatitudeDegrees>63.3113333</LatitudeDegrees>
      <LongitudeDegrees>18.3109400</LongitudeDegrees>
     </Position>
     <AltitudeMeters>124.86000000000001</AltitudeMeters>
     <DistanceMeters>11624.735349066203</DistanceMeters>
    </Trackpoint>
    <Trackpoint>
     <Time>2026-07-22T15:27:19+00:00</Time>
     <Position>
      <LatitudeDegrees>63.3110500</LatitudeDegrees>
      <LongitudeDegrees>18.3124100</LongitudeDegrees>
     </Position>
     <AltitudeMeters>122.49000000000001</AltitudeMeters>
     <DistanceMeters>11704.697179094952</DistanceMeters>
    </Trackpoint>
    <Trackpoint>
     <Time>2026-07-22T15:27:30+00:00</Time>
     <Position>
      <LatitudeDegrees>63.3108400</LatitudeDegrees>
      <LongitudeDegrees>18.3134100</LongitudeDegrees>
     </Position>
     <AltitudeMeters>120.56000000000002</AltitudeMeters>
     <DistanceMeters>11759.879618194489</DistanceMeters>
    </Trackpoint>
    <Trackpoint>
     <Time>2026-07-22T15:27:41+00:00</Time>
     <Position>
      <LatitudeDegrees>63.3106300</LatitudeDegrees>
      <LongitudeDegrees>18.3144100</LongitudeDegrees>
     </Position>
     <AltitudeMeters>118.55000000000001</AltitudeMeters>
     <DistanceMeters>11815.062027874581</DistanceMeters>
    </Trackpoint>
    <Trackpoint>
     <Time>2026-07-22T15:27:52+00:00</Time>
     <Position>
      <LatitudeDegrees>63.3103200</LatitudeDegrees>
      <LongitudeDegrees>18.3156900</LongitudeDegrees>
     </Position>
     <AltitudeMeters>117.60000000000001</AltitudeMeters>
     <DistanceMeters>11887.757119863729</DistanceMeters>
    </Trackpoint>
    <Trackpoint>
     <Time>2026-07-22T15:28:02+00:00</Time>
     <Position>
      <LatitudeDegrees>63.3099200</LatitudeDegrees>
      <LongitudeDegrees>18.3168000</LongitudeDegrees>
     </Position>
     <AltitudeMeters>118.32000000000001</AltitudeMeters>
     <DistanceMeters>11958.89682519449</DistanceMeters>
    </Trackpoint>
    <Trackpoint>
     <Time>2026-07-22T15:28:13+00:00</Time>
     <Position>
      <LatitudeDegrees>63.3097600</LatitudeDegrees>
      <LongitudeDegrees>18.3174400</LongitudeDegrees>
     </Position>
     <AltitudeMeters>119.95000000000002</AltitudeMeters>
     <DistanceMeters>11995.512372812194</DistanceMeters>
    </Trackpoint>
    <Trackpoint>
     <Time>2026-07-22T15:28:24+00:00</Time>
     <Position>
      <LatitudeDegrees>63.3096000</LatitudeDegrees>
      <LongitudeDegrees>18.3180700</LongitudeDegrees>
     </Position>
     <AltitudeMeters>122.22000000000001</AltitudeMeters>
     <DistanceMeters>12031.692088235288</DistanceMeters>
    </Trackpoint>
    <Trackpoint>
     <Time>2026-07-22T15:28:35+00:00</Time>
     <Position>
      <LatitudeDegrees>63.3094800</LatitudeDegrees>
      <LongitudeDegrees>18.3192300</LongitudeDegrees>
     </Position>
     <AltitudeMeters>127.35000000000002</AltitudeMeters>
     <DistanceMeters>12091.199386735612</DistanceMeters>
    </Trackpoint>
    <Trackpoint>
     <Time>2026-07-22T15:28:46+00:00</Time>
     <Position>
      <LatitudeDegrees>63.3093800</LatitudeDegrees>
      <LongitudeDegrees>18.3197300</LongitudeDegrees>
     </Position>
     <AltitudeMeters>128.84</AltitudeMeters>
     <DistanceMeters>12118.56066883213</DistanceMeters>
    </Trackpoint>
    <Trackpoint>
     <Time>2026-07-22T15:28:57+00:00</Time>
     <Position>
      <LatitudeDegrees>63.3093300</LatitudeDegrees>
      <LongitudeDegrees>18.3200500</LongitudeDegrees>
     </Position>
     <AltitudeMeters>129.5</AltitudeMeters>
     <DistanceMeters>12135.498052313029</DistanceMeters>
    </Trackpoint>
    <Trackpoint>
     <Time>2026-07-22T15:29:07+00:00</Time>
     <Position>
      <LatitudeDegrees>63.3091500</LatitudeDegrees>
      <LongitudeDegrees>18.3206700</LongitudeDegrees>
     </Position>
     <AltitudeMeters>131.19</AltitudeMeters>
     <DistanceMeters>12172.403239304329</DistanceMeters>
    </Trackpoint>
    <Trackpoint>
     <Time>2026-07-22T15:29:18+00:00</Time>
     <Position>
      <LatitudeDegrees>63.3089500</LatitudeDegrees>
      <LongitudeDegrees>18.3212200</LongitudeDegrees>
     </Position>
     <AltitudeMeters>129.63000000000002</AltitudeMeters>
     <DistanceMeters>12207.779273164002</DistanceMeters>
    </Trackpoint>
    <Trackpoint>
     <Time>2026-07-22T15:29:29+00:00</Time>
     <Position>
      <LatitudeDegrees>63.3086200</LatitudeDegrees>
      <LongitudeDegrees>18.3217900</LongitudeDegrees>
     </Position>
     <AltitudeMeters>128.91</AltitudeMeters>
     <DistanceMeters>12254.264812630747</DistanceMeters>
    </Trackpoint>
    <Trackpoint>
     <Time>2026-07-22T15:29:40+00:00</Time>
     <Position>
      <LatitudeDegrees>63.3084000</LatitudeDegrees>
      <LongitudeDegrees>18.3221900</LongitudeDegrees>
     </Position>
     <AltitudeMeters>128.92000000000002</AltitudeMeters>
     <DistanceMeters>12285.87806261019</DistanceMeters>
    </Trackpoint>
    <Trackpoint>
     <Time>2026-07-22T15:29:51+00:00</Time>
     <Position>
      <LatitudeDegrees>63.3081000</LatitudeDegrees>
      <LongitudeDegrees>18.3229300</LongitudeDegrees>
     </Position>
     <AltitudeMeters>130.16</AltitudeMeters>
     <DistanceMeters>12335.711979746115</DistanceMeters>
    </Trackpoint>
    <Trackpoint>
     <Time>2026-07-22T15:30:02+00:00</Time>
     <Position>
      <LatitudeDegrees>63.3080100</LatitudeDegrees>
      <LongitudeDegrees>18.3237200</LongitudeDegrees>
     </Position>
     <AltitudeMeters>132.67000000000002</AltitudeMeters>
     <DistanceMeters>12376.457082658362</DistanceMeters>
    </Trackpoint>
    <Trackpoint>
     <Time>2026-07-22T15:30:12+00:00</Time>
     <Position>
      <LatitudeDegrees>63.3080100</LatitudeDegrees>
      <LongitudeDegrees>18.3244600</LongitudeDegrees>
     </Position>
     <AltitudeMeters>134.87</AltitudeMeters>
     <DistanceMeters>12413.452170963339</DistanceMeters>
    </Trackpoint>
    <Trackpoint>
     <Time>2026-07-22T15:30:23+00:00</Time>
     <Position>
      <LatitudeDegrees>63.3080100</LatitudeDegrees>
      <LongitudeDegrees>18.3244500</LongitudeDegrees>
     </Position>
     <AltitudeMeters>134.91</AltitudeMeters>
     <DistanceMeters>12413.452170963339</DistanceMeters>
    </Trackpoint>
    <Trackpoint>
     <Time>2026-07-22T15:30:34+00:00</Time>
     <Position>
      <LatitudeDegrees>63.3080400</LatitudeDegrees>
      <LongitudeDegrees>18.3254500</LongitudeDegrees>
     </Position>
     <AltitudeMeters>136.35</AltitudeMeters>
     <DistanceMeters>12463.556878866315</DistanceMeters>
    </Trackpoint>
    <Trackpoint>
     <Time>2026-07-22T15:30:45+00:00</Time>
     <Position>
      <LatitudeDegrees>63.3080400</LatitudeDegrees>
      <LongitudeDegrees>18.3264300</LongitudeDegrees>
     </Position>
     <AltitudeMeters>135.84</AltitudeMeters>
     <DistanceMeters>12512.550323166237</DistanceMeters>
    </Trackpoint>
    <Trackpoint>
     <Time>2026-07-22T15:30:56+00:00</Time>
     <Position>
      <LatitudeDegrees>63.3079300</LatitudeDegrees>
      <LongitudeDegrees>18.3272800</LongitudeDegrees>
     </Position>
     <AltitudeMeters>136.16</AltitudeMeters>
     <DistanceMeters>12556.773089068842</DistanceMeters>
    </Trackpoint>
    <Trackpoint>
     <Time>2026-07-22T15:31:06+00:00</Time>
     <Position>
      <LatitudeDegrees>63.3077700</LatitudeDegrees>
      <LongitudeDegrees>18.3281000</LongitudeDegrees>
     </Position>
     <AltitudeMeters>136.20000000000002</AltitudeMeters>
     <DistanceMeters>12601.468420381252</DistanceMeters>
    </Trackpoint>
    <Trackpoint>
     <Time>2026-07-22T15:31:17+00:00</Time>
     <Position>
      <LatitudeDegrees>63.3073300</LatitudeDegrees>
      <LongitudeDegrees>18.3295700</LongitudeDegrees>
     </Position>
     <AltitudeMeters>130.02</AltitudeMeters>
     <DistanceMeters>12689.780700909589</DistanceMeters>
    </Trackpoint>
    <Trackpoint>
     <Time>2026-07-22T15:31:28+00:00</Time>
     <Position>
      <LatitudeDegrees>63.3068400</LatitudeDegrees>
      <LongitudeDegrees>18.3309700</LongitudeDegrees>
     </Position>
     <AltitudeMeters>128.93</AltitudeMeters>
     <DistanceMeters>12778.511006950916</DistanceMeters>
    </Trackpoint>
    <Trackpoint>
     <Time>2026-07-22T15:31:39+00:00</Time>
     <Position>
      <LatitudeDegrees>63.3065400</LatitudeDegrees>
      <LongitudeDegrees>18.3314000</LongitudeDegrees>
     </Position>
     <AltitudeMeters>128.77</AltitudeMeters>
     <DistanceMeters>12818.222153726698</DistanceMeters>
    </Trackpoint>
    <Trackpoint>
     <Time>2026-07-22T15:31:50+00:00</Time>
     <Position>
      <LatitudeDegrees>63.3062200</LatitudeDegrees>
      <LongitudeDegrees>18.3317200</LongitudeDegrees>
     </Position>
     <AltitudeMeters>128.82000000000002</AltitudeMeters>
     <DistanceMeters>12857.265232181835</DistanceMeters>
    </Trackpoint>
    <Trackpoint>
     <Time>2026-07-22T15:32:01+00:00</Time>
     <Position>
      <LatitudeDegrees>63.3058000</LatitudeDegrees>
      <LongitudeDegrees>18.3320300</LongitudeDegrees>
     </Position>
     <AltitudeMeters>128.54999999999998</AltitudeMeters>
     <DistanceMeters>12906.511942084806</DistanceMeters>
    </Trackpoint>
    <Trackpoint>
     <Time>2026-07-22T15:32:11+00:00</Time>
     <Position>
      <LatitudeDegrees>63.3053700</LatitudeDegrees>
      <LongitudeDegrees>18.3324500</LongitudeDegrees>
     </Position>
     <AltitudeMeters>128.17000000000002</AltitudeMeters>
     <DistanceMeters>12958.773430870971</DistanceMeters>
    </Trackpoint>
    <Trackpoint>
     <Time>2026-07-22T15:32:22+00:00</Time>
     <Position>
      <LatitudeDegrees>63.3052600</LatitudeDegrees>
      <LongitudeDegrees>18.3327700</LongitudeDegrees>
     </Position>
     <AltitudeMeters>127.16000000000003</AltitudeMeters>
     <DistanceMeters>12978.919381781754</DistanceMeters>
    </Trackpoint>
    <Trackpoint>
     <Time>2026-07-22T15:32:33+00:00</Time>
     <Position>
      <LatitudeDegrees>63.3052600</LatitudeDegrees>
      <LongitudeDegrees>18.3327800</LongitudeDegrees>
     </Position>
     <AltitudeMeters>127.18</AltitudeMeters>
     <DistanceMeters>12978.919381781754</DistanceMeters>
    </Trackpoint>
    <Trackpoint>
     <Time>2026-07-22T15:32:44+00:00</Time>
     <Position>
      <LatitudeDegrees>63.3048500</LatitudeDegrees>
      <LongitudeDegrees>18.3340400</LongitudeDegrees>
     </Position>
     <AltitudeMeters>122.62</AltitudeMeters>
     <DistanceMeters>13056.7073591913</DistanceMeters>
    </Trackpoint>
    <Trackpoint>
     <Time>2026-07-22T15:32:55+00:00</Time>
     <Position>
      <LatitudeDegrees>63.3045800</LatitudeDegrees>
      <LongitudeDegrees>18.3346200</LongitudeDegrees>
     </Position>
     <AltitudeMeters>120.78000000000002</AltitudeMeters>
     <DistanceMeters>13098.46812512489</DistanceMeters>
    </Trackpoint>
    <Trackpoint>
     <Time>2026-07-22T15:33:06+00:00</Time>
     <Position>
      <LatitudeDegrees>63.3044400</LatitudeDegrees>
      <LongitudeDegrees>18.3349400</LongitudeDegrees>
     </Position>
     <AltitudeMeters>119.79</AltitudeMeters>
     <DistanceMeters>13120.801376236033</DistanceMeters>
    </Trackpoint>
    <Trackpoint>
     <Time>2026-07-22T15:33:16+00:00</Time>
     <Position>
      <LatitudeDegrees>63.3041700</LatitudeDegrees>
      <LongitudeDegrees>18.3351900</LongitudeDegrees>
     </Position>
     <AltitudeMeters>118.94</AltitudeMeters>
     <DistanceMeters>13153.347362053557</DistanceMeters>
    </Trackpoint>
    <Trackpoint>
     <Time>2026-07-22T15:33:27+00:00</Time>
     <Position>
      <LatitudeDegrees>63.3039400</LatitudeDegrees>
      <LongitudeDegrees>18.3342200</LongitudeDegrees>
     </Position>
     <AltitudeMeters>117.79</AltitudeMeters>
     <DistanceMeters>13208.188306735752</DistanceMeters>
    </Trackpoint>
    <Trackpoint>
     <Time>2026-07-22T15:33:38+00:00</Time>
     <Position>
      <LatitudeDegrees>63.3035800</LatitudeDegrees>
      <LongitudeDegrees>18.3332800</LongitudeDegrees>
     </Position>
     <AltitudeMeters>117.17</AltitudeMeters>
     <DistanceMeters>13269.949016017012</DistanceMeters>
    </Trackpoint>
    <Trackpoint>
     <Time>2026-07-22T15:33:49+00:00</Time>
     <Position>
      <LatitudeDegrees>63.3031500</LatitudeDegrees>
      <LongitudeDegrees>18.3324800</LongitudeDegrees>
     </Position>
     <AltitudeMeters>117.03</AltitudeMeters>
     <DistanceMeters>13332.322064468279</DistanceMeters>
    </Trackpoint>
    <Trackpoint>
     <Time>2026-07-22T15:34:00+00:00</Time>
     <Position>
      <LatitudeDegrees>63.3031500</LatitudeDegrees>
      <LongitudeDegrees>18.3324700</LongitudeDegrees>
     </Position>
     <AltitudeMeters>117.03</AltitudeMeters>
     <DistanceMeters>13332.322064468279</DistanceMeters>
    </Trackpoint>
    <Trackpoint>
     <Time>2026-07-22T15:34:11+00:00</Time>
     <Position>
      <LatitudeDegrees>63.3027200</LatitudeDegrees>
      <LongitudeDegrees>18.3319500</LongitudeDegrees>
     </Position>
     <AltitudeMeters>117.5</AltitudeMeters>
     <DistanceMeters>13386.786408137243</DistanceMeters>
    </Trackpoint>
    <Trackpoint>
     <Time>2026-07-22T15:34:21+00:00</Time>
     <Position>
      <LatitudeDegrees>63.3023000</LatitudeDegrees>
      <LongitudeDegrees>18.3315950</LongitudeDegrees>
     </Position>
     <AltitudeMeters>118.27000000000001</AltitudeMeters>
     <DistanceMeters>13436.787624294338</DistanceMeters>
    </Trackpoint>
    <Trackpoint>
     <Time>2026-07-22T15:34:32+00:00</Time>
     <Position>
      <LatitudeDegrees>63.3018800</LatitudeDegrees>
      <LongitudeDegrees>18.3312400</LongitudeDegrees>
     </Position>
     <AltitudeMeters>119.10000000000001</AltitudeMeters>
     <DistanceMeters>13486.78886012121</DistanceMeters>
    </Trackpoint>
    <Trackpoint>
     <Time>2026-07-22T15:34:43+00:00</Time>
     <Position>
      <LatitudeDegrees>63.3018800</LatitudeDegrees>
      <LongitudeDegrees>18.3312300</LongitudeDegrees>
     </Position>
     <AltitudeMeters>119.12</AltitudeMeters>
     <DistanceMeters>13486.78886012121</DistanceMeters>
    </Trackpoint>
    <Trackpoint>
     <Time>2026-07-22T15:34:54+00:00</Time>
     <Position>
      <LatitudeDegrees>63.3017600</LatitudeDegrees>
      <LongitudeDegrees>18.3311300</LongitudeDegrees>
     </Position>
     <AltitudeMeters>119.12</AltitudeMeters>
     <DistanceMeters>13501.049750416008</DistanceMeters>
    </Trackpoint>
    <Trackpoint>
     <Time>2026-07-22T15:35:05+00:00</Time>
     <Position>
      <LatitudeDegrees>63.3014400</LatitudeDegrees>
      <LongitudeDegrees>18.3312300</LongitudeDegrees>
     </Position>
     <AltitudeMeters>119.95000000000002</AltitudeMeters>
     <DistanceMeters>13537.013697097645</DistanceMeters>
    </Trackpoint>
   </Track>
   <Notes>Den långa distansen för Byathlon 2026</Notes>
  </Course>
 </Courses>
</TrainingCenterDatabase>
